order_id,order_date,customer_id,product_category,region,quantity,unit_price,discount,payment_method,delivery_days,customer_rating,revenue
10001,1/1/2022,1102,Beauty,South,7,373.65,0.28,Wallet,10,4.7,1883.2
10002,1/2/2022,1435,Clothing,South,7,47.74,0.09,Card,6,3.9,304.1
10003,1/3/2022,1860,Beauty,East,3,311.28,0.31,COD,6,2.5,644.35
10004,1/4/2022,1270,Electronics,West,5,524.47,0.02,Wallet,6,1.6,2569.9
10005,1/5/2022,1106,Clothing,West,5,139.87,0.33,Wallet,4,4.9,468.56
10006,1/6/2022,1071,Electronics,West,2,264.44,0.2,Card,3,3.3,423.1
10007,1/7/2022,1700,Clothing,South,6,564.6,0.23,Card,1,1.8,2608.45
10008,1/8/2022,1020,Beauty,North,6,265.71,0.13,Card,2,3.7,1387.01
10009,1/9/2022,1614,Clothing,South,6,224.65,0.27,Card,2,1.4,983.97
10010,1/10/2022,1121,Clothing,West,4,272.71,0.06,Card,10,4.5,1025.39
10011,1/11/2022,1466,Clothing,West,6,318.88,0.02,COD,7,1.4,1875.01
10012,1/12/2022,1214,Electronics,West,3,384.71,0.14,COD,11,1.9,992.55
10013,1/13/2022,1330,Beauty,South,7,483.41,0.3,COD,6,1.4,2368.71
10014,1/14/2022,1458,Clothing,West,7,279.48,0.26,COD,8,1.4,1447.71
10015,1/15/2022,1087,Clothing,East,4,493.23,0.18,Card,9,3.1,1617.79
10016,1/16/2022,1372,Clothing,West,2,327.23,0.2,Wallet,5,3.7,523.57
10017,1/17/2022,1099,Clothing,North,3,213.01,0.05,Wallet,11,4.2,607.08
10018,1/18/2022,1871,Electronics,East,7,399.9,0.29,COD,3,3.8,1987.5
10019,1/19/2022,1663,Home,West,3,434.87,0.28,Wallet,4,2.5,939.32
10020,1/20/2022,1130,Electronics,East,7,341.46,0.23,Card,11,3.2,1840.47
10021,1/21/2022,1661,Home,West,1,48.12,0.16,COD,8,4.7,40.42
10022,1/22/2022,1308,Home,North,2,114.38,0.34,Card,3,2.6,150.98
10023,1/23/2022,1769,Home,West,2,181.9,0.31,Card,2,2,251.02
10024,1/24/2022,1343,Clothing,East,1,180.34,0.23,Card,7,3.1,138.86
10025,1/25/2022,1491,Clothing,North,4,408.95,0.13,COD,4,2.2,1423.15
10026,1/26/2022,1413,Electronics,South,7,25.73,0.22,Card,8,2,140.49
10027,1/27/2022,1805,Home,North,7,457.07,0.2,COD,1,4.1,2559.59
10028,1/28/2022,1385,Electronics,North,7,170.23,0.14,Card,8,4.6,1024.78
10029,1/29/2022,1191,Clothing,North,6,196.36,0.11,Wallet,5,3,1048.56
10030,1/30/2022,1955,Electronics,East,6,323.83,0.14,COD,2,4.1,1670.96
10031,1/31/2022,1276,Electronics,North,6,141.32,0.2,Card,1,1.7,678.34
10032,2/1/2022,1160,Clothing,West,6,532.42,0.15,Card,6,3.2,2715.34
10033,2/2/2022,1459,Electronics,North,6,64.94,0.09,Wallet,9,3.5,354.57
10034,2/3/2022,1313,Home,North,1,274.96,0.27,Card,9,3,200.72
10035,2/4/2022,1021,Electronics,West,2,511.91,0.19,COD,9,1.5,829.29
10036,2/5/2022,1252,Electronics,West,4,375.27,0.02,COD,11,3.9,1471.06
10037,2/6/2022,1747,Clothing,South,3,186.01,0.13,Card,4,4.4,485.49
10038,2/7/2022,1856,Electronics,North,6,261.14,0.31,Card,6,3.5,1081.12
10039,2/8/2022,1560,Electronics,East,1,428.42,0.26,COD,10,1.7,317.03
10040,2/9/2022,1474,Home,North,7,584.36,0.11,Card,6,1.3,3640.56
10041,2/10/2022,1058,Electronics,North,4,537.49,0.33,Card,5,2.2,1440.47
10042,2/11/2022,1510,Home,West,4,215.32,0.03,Card,2,1.1,835.44
10043,2/12/2022,1681,Electronics,South,4,598.95,0.34,Card,7,4.4,1581.23
10044,2/13/2022,1475,Electronics,North,1,17.05,0.09,Card,1,3.8,15.52
10045,2/14/2022,1699,Home,East,3,31.16,0,Wallet,6,3.3,93.48
10046,2/15/2022,1975,Electronics,North,6,496.95,0.15,COD,5,4.6,2534.44
10047,2/16/2022,1782,Electronics,East,4,131.69,0.13,COD,5,1.4,458.28
10048,2/17/2022,1189,Clothing,West,1,50.55,0.19,Card,8,3.9,40.95
10049,2/18/2022,1957,Electronics,South,7,153.73,0.28,Card,9,1.6,774.8
10050,2/19/2022,1686,Home,North,2,264.27,0.29,Wallet,7,1.2,375.26
10051,2/20/2022,1957,Electronics,South,7,442.38,0.14,COD,10,1.5,2663.13
10052,2/21/2022,1562,Home,North,1,380.24,0.15,Card,8,4.8,323.2
10053,2/22/2022,1875,Beauty,East,1,154.01,0.05,Card,2,2.8,146.31
10054,2/23/2022,1566,Clothing,South,1,309.41,0.02,COD,2,1.2,303.22
10055,2/24/2022,1243,Beauty,North,4,556.84,0.22,Wallet,8,3.3,1737.34
10056,2/25/2022,1831,Clothing,West,1,491.78,0.02,Card,6,1.8,481.94
10057,2/26/2022,1504,Beauty,East,2,204.07,0.26,COD,8,1,302.02
10058,2/27/2022,1130,Electronics,South,4,589.62,0.19,COD,9,4,1910.37
10059,2/28/2022,1484,Home,North,7,429.54,0.07,Wallet,9,1.6,2796.31
10060,3/1/2022,1818,Clothing,South,2,51.53,0.19,Wallet,11,4.8,83.48
10061,3/2/2022,1646,Clothing,North,5,35.57,0.06,Card,6,3.4,167.18
10062,3/3/2022,1020,Clothing,East,7,113.52,0.15,COD,8,1.3,675.44
10063,3/4/2022,1840,Home,West,1,440.8,0.28,COD,2,1.9,317.38
10064,3/5/2022,1166,Electronics,East,6,122.49,0.16,COD,8,3.4,617.35
10065,3/6/2022,1273,Electronics,South,6,314.22,0.05,Wallet,3,2.4,1791.05
10066,3/7/2022,1387,Home,South,4,69.56,0.25,Wallet,1,3.1,208.68
10067,3/8/2022,1600,Home,North,6,553.72,0.07,Card,7,4.2,3089.76
10068,3/9/2022,1315,Beauty,East,7,216.22,0.26,Card,1,4.2,1120.02
10069,3/10/2022,1013,Home,North,4,546.26,0.17,COD,11,3.8,1813.58
10070,3/11/2022,1241,Beauty,East,7,567.75,0.16,Card,1,4.5,3338.37
10071,3/12/2022,1776,Home,South,1,18.59,0.3,Card,1,1.8,13.01
10072,3/13/2022,1345,Electronics,North,3,286.52,0.25,Card,4,1.7,644.67
10073,3/14/2022,1564,Electronics,North,3,29.42,0.01,Wallet,4,4.2,87.38
10074,3/15/2022,1897,Home,East,2,546.59,0.1,Card,10,2.3,983.86
10075,3/16/2022,1339,Clothing,West,1,318.27,0.3,COD,11,3,222.79
10076,3/17/2022,1091,Electronics,East,6,58.84,0.01,Card,6,4,349.51
10077,3/18/2022,1366,Clothing,West,1,79.51,0.19,Card,10,2.6,64.4
10078,3/19/2022,1955,Beauty,East,5,239.35,0.25,Card,3,1.5,897.56
10079,3/20/2022,1454,Clothing,South,3,565.04,0.22,Card,10,3.7,1322.19
10080,3/21/2022,1427,Clothing,North,6,420.35,0.27,Wallet,6,4.3,1841.13
10081,3/22/2022,1508,Clothing,East,7,522.56,0.25,Wallet,7,1.1,2743.44
10082,3/23/2022,1775,Electronics,South,7,229.38,0.24,COD,11,3.3,1220.3
10083,3/24/2022,1942,Clothing,East,3,40.28,0.29,Card,1,2.9,85.8
10084,3/25/2022,1034,Clothing,North,1,584.98,0.23,COD,6,2,450.43
10085,3/26/2022,1205,Electronics,East,6,25.05,0.14,Card,10,1.6,129.26
10086,3/27/2022,1080,Home,West,2,569.38,0.17,Card,1,1.8,945.17
10087,3/28/2022,1931,Clothing,North,7,230.68,0.25,COD,7,3.9,1211.07
10088,3/29/2022,1561,Home,West,1,20.9,0.31,COD,10,3.1,14.42
10089,3/30/2022,1871,Beauty,South,2,418.16,0.1,Card,5,4.9,752.69
10090,3/31/2022,1387,Electronics,South,6,588.62,0.12,Card,10,2,3107.91
10091,4/1/2022,1001,Home,East,3,579.89,0.33,Wallet,4,4.8,1165.58
10092,4/2/2022,1389,Clothing,West,5,109.15,0.2,Card,1,3.1,436.6
10093,4/3/2022,1565,Beauty,West,4,121.03,0.06,Wallet,9,1.6,455.07
10094,4/4/2022,1105,Electronics,North,3,345.84,0.23,Wallet,7,1.6,798.89
10095,4/5/2022,1771,Home,West,2,387.82,0.35,COD,2,3.4,504.17
10096,4/6/2022,1821,Clothing,West,1,447.56,0.29,Card,4,4.3,317.77
10097,4/7/2022,1476,Electronics,North,7,120.91,0.26,COD,4,4,626.31
10098,4/8/2022,1702,Electronics,North,6,576.02,0.07,Card,8,3.6,3214.19
10099,4/9/2022,1401,Home,West,3,388.66,0.31,Card,2,1.7,804.53
10100,4/10/2022,1729,Home,East,7,510.52,0.18,COD,11,1.4,2930.38
10101,4/11/2022,1555,Electronics,North,7,330.94,0.31,Card,5,1,1598.44
10102,4/12/2022,1161,Clothing,North,5,257.35,0.12,Card,10,1.4,1132.34
10103,4/13/2022,1201,Clothing,West,6,586.65,0.02,COD,8,4.1,3449.5
10104,4/14/2022,1957,Home,West,2,355.54,0.17,COD,6,4.6,590.2
10105,4/15/2022,1995,Electronics,North,6,522.12,0.09,Card,4,2,2850.78
10106,4/16/2022,1269,Beauty,West,6,572.68,0.25,Card,5,4.2,2577.06
10107,4/17/2022,1862,Electronics,North,1,410.08,0.33,Card,2,1.8,274.75
10108,4/18/2022,1815,Clothing,East,4,336.13,0.24,Card,5,2,1021.84
10109,4/19/2022,1270,Electronics,East,7,17.05,0.31,COD,3,1.9,82.35
10110,4/20/2022,1455,Electronics,North,2,38.41,0.16,COD,3,1.2,64.53
10111,4/21/2022,1461,Clothing,North,1,132.5,0.27,COD,7,1.8,96.72
10112,4/22/2022,1726,Electronics,South,7,123.81,0.3,Card,3,2.5,606.67
10113,4/23/2022,1251,Home,South,4,164.03,0.25,Card,4,2.6,492.09
10114,4/24/2022,1701,Electronics,West,1,193.39,0.18,Card,7,2.2,158.58
10115,4/25/2022,1295,Clothing,West,4,225.64,0.22,Card,3,3.1,704
10116,4/26/2022,1724,Electronics,North,4,261.01,0.25,Card,10,2.5,783.03
10117,4/27/2022,1719,Electronics,North,4,72.84,0.09,Card,10,4.9,265.14
10118,4/28/2022,1748,Electronics,South,1,39.78,0.28,Card,2,4.2,28.64
10119,4/29/2022,1337,Clothing,South,6,409.26,0.33,COD,10,4.7,1645.23
10120,4/30/2022,1878,Clothing,North,4,329.34,0.16,COD,7,3.2,1106.58
10121,5/1/2022,1052,Clothing,East,6,274.82,0.25,COD,5,3.7,1236.69
10122,5/2/2022,1791,Clothing,East,7,386.15,0.26,Card,1,1.7,2000.26
10123,5/3/2022,1921,Clothing,West,7,499.19,0.23,Wallet,10,4,2690.63
10124,5/4/2022,1216,Electronics,North,2,265.2,0.19,Wallet,8,1.9,429.62
10125,5/5/2022,1763,Clothing,North,5,390.05,0.31,Card,3,1.6,1345.67
10126,5/6/2022,1187,Beauty,West,6,572.84,0.16,COD,11,1.2,2887.11
10127,5/7/2022,1379,Clothing,South,7,506.18,0.02,Wallet,7,2.9,3472.39
10128,5/8/2022,1492,Home,South,5,264.21,0.3,COD,6,2.1,924.73
10129,5/9/2022,1040,Electronics,East,4,392.16,0.24,Card,10,4.9,1192.17
10130,5/10/2022,1156,Home,North,5,118.59,0.3,COD,6,2,415.06
10131,5/11/2022,1014,Home,South,5,342.91,0.05,COD,8,4.5,1628.82
10132,5/12/2022,1812,Clothing,East,4,589.08,0.01,Card,4,2.3,2332.76
10133,5/13/2022,1064,Beauty,East,6,318.21,0.33,Wallet,4,4,1279.2
10134,5/14/2022,1856,Electronics,East,4,557.67,0.05,COD,3,3.6,2119.15
10135,5/15/2022,1838,Electronics,South,2,253.29,0.28,Card,1,3.2,364.74
10136,5/16/2022,1520,Home,South,3,599.32,0.29,COD,10,2.7,1276.55
10137,5/17/2022,1343,Home,North,1,353.84,0.25,COD,3,3.7,265.38
10138,5/18/2022,1128,Electronics,North,4,39.73,0.05,Card,1,2.6,150.97
10139,5/19/2022,1647,Electronics,East,4,358.25,0.23,Card,6,3.2,1103.41
10140,5/20/2022,1471,Electronics,East,5,175.63,0.31,Wallet,8,3.4,605.92
10141,5/21/2022,1062,Electronics,South,2,34,0.15,COD,3,2.1,57.8
10142,5/22/2022,1138,Home,South,7,495.2,0.14,Card,4,2.4,2981.1
10143,5/23/2022,1498,Clothing,North,7,176.3,0.16,Card,5,1.1,1036.64
10144,5/24/2022,1592,Electronics,North,5,480.98,0.03,COD,7,4.4,2332.75
10145,5/25/2022,1391,Clothing,West,6,183.61,0.31,COD,11,4,760.15
10146,5/26/2022,1674,Electronics,North,4,128.68,0.3,Card,6,1.7,360.3
10147,5/27/2022,1418,Electronics,South,4,584.75,0.35,COD,2,2.4,1520.35
10148,5/28/2022,1288,Clothing,East,5,226.56,0.2,Card,7,2.7,906.24
10149,5/29/2022,1378,Beauty,West,4,366.81,0.26,Card,8,2.3,1085.76
10150,5/30/2022,1772,Home,North,6,371.84,0.07,COD,1,4.2,2074.87
10151,5/31/2022,1489,Electronics,North,3,342.88,0.23,Card,6,3.9,792.05
10152,6/1/2022,1230,Beauty,South,1,550.1,0.23,Wallet,11,4.1,423.58
10153,6/2/2022,1040,Home,West,1,409.55,0.32,Card,9,4.6,278.49
10154,6/3/2022,1027,Home,North,1,251.18,0.29,COD,7,3.4,178.34
10155,6/4/2022,1134,Clothing,East,3,519.49,0.33,Card,5,3.5,1044.17
10156,6/5/2022,1200,Clothing,South,4,120.92,0.3,Card,10,3.9,338.58
10157,6/6/2022,1839,Electronics,West,5,333.38,0.3,COD,11,3.7,1166.83
10158,6/7/2022,1779,Electronics,North,7,571.07,0.02,COD,10,4.5,3917.54
10159,6/8/2022,1929,Electronics,North,2,380.86,0.3,COD,9,4.1,533.2
10160,6/9/2022,1032,Electronics,West,4,492.93,0.21,COD,2,1.5,1557.66
10161,6/10/2022,1047,Clothing,South,3,397.33,0.13,COD,7,4.7,1037.03
10162,6/11/2022,1502,Home,West,6,506.03,0.02,COD,9,3.7,2975.46
10163,6/12/2022,1406,Clothing,West,3,567.53,0.24,COD,2,1.5,1293.97
10164,6/13/2022,1573,Electronics,South,7,174.66,0.11,COD,11,4.1,1088.13
10165,6/14/2022,1727,Beauty,North,1,114.25,0.16,COD,10,2.4,95.97
10166,6/15/2022,1804,Beauty,East,4,298.13,0.24,Wallet,6,4.2,906.32
10167,6/16/2022,1098,Home,South,7,425.59,0.32,Card,9,4.8,2025.81
10168,6/17/2022,1683,Beauty,East,1,147.91,0.29,COD,3,2,105.02
10169,6/18/2022,1871,Clothing,North,2,17.4,0.16,Card,8,4.4,29.23
10170,6/19/2022,1725,Beauty,West,6,215.62,0.14,Card,5,4.1,1112.6
10171,6/20/2022,1986,Electronics,East,1,581.78,0.08,Card,7,3.7,535.24
10172,6/21/2022,1546,Clothing,North,2,421.56,0.13,Wallet,3,2.5,733.51
10173,6/22/2022,1960,Electronics,North,3,249.78,0.04,COD,8,1.4,719.37
10174,6/23/2022,1738,Electronics,West,1,127.66,0.34,COD,2,2.9,84.26
10175,6/24/2022,1612,Electronics,West,1,223.31,0.2,Card,8,1.4,178.65
10176,6/25/2022,1942,Clothing,North,5,114.36,0.04,COD,2,3,548.93
10177,6/26/2022,1461,Home,North,6,77.19,0.12,Wallet,7,4.3,407.56
10178,6/27/2022,1642,Clothing,East,6,545.44,0.19,Card,2,5,2650.84
10179,6/28/2022,1768,Electronics,North,7,598.63,0.19,Card,7,1.8,3394.23
10180,6/29/2022,1004,Home,North,3,111.01,0.01,Card,1,1.8,329.7
10181,6/30/2022,1217,Clothing,East,5,46.9,0.33,COD,6,4.2,157.11
10182,7/1/2022,1502,Clothing,South,7,207.89,0.1,COD,10,2.9,1309.71
10183,7/2/2022,1766,Home,East,2,285.07,0.01,COD,7,4.7,564.44
10184,7/3/2022,1397,Electronics,East,7,134.82,0.03,COD,4,4.1,915.43
10185,7/4/2022,1870,Electronics,West,2,191.33,0.2,Card,11,3.9,306.13
10186,7/5/2022,1794,Beauty,East,3,132.51,0.05,COD,11,1.4,377.65
10187,7/6/2022,1392,Electronics,North,6,467.94,0.01,Card,1,1.1,2779.56
10188,7/7/2022,1206,Clothing,North,2,431.86,0.13,Card,6,2.3,751.44
10189,7/8/2022,1014,Beauty,North,3,386.45,0.22,COD,4,1.9,904.29
10190,7/9/2022,1857,Home,South,7,241.52,0.04,Wallet,3,3.8,1623.01
10191,7/10/2022,1553,Electronics,North,2,546.79,0.11,COD,4,2.8,973.29
10192,7/11/2022,1891,Electronics,South,4,582.18,0.15,COD,6,3.1,1979.41
10193,7/12/2022,1460,Electronics,North,1,116.58,0.06,Card,5,4.3,109.59
10194,7/13/2022,1690,Clothing,East,7,145.46,0.18,Card,2,2.9,834.94
10195,7/14/2022,1574,Clothing,West,6,322.49,0.03,Card,2,3.2,1876.89
10196,7/15/2022,1863,Electronics,North,7,68.38,0.02,Wallet,3,4.4,469.09
10197,7/16/2022,1742,Beauty,South,4,270.32,0.18,Wallet,11,2.7,886.65
10198,7/17/2022,1240,Clothing,South,3,355.35,0.09,Wallet,6,1.3,970.11
10199,7/18/2022,1563,Electronics,West,3,320.41,0.03,Card,1,3.1,932.39
10200,7/19/2022,1095,Clothing,North,7,208.58,0.15,COD,11,3.3,1241.05
10201,7/20/2022,1899,Home,East,4,332.33,0.32,COD,7,3,903.94
10202,7/21/2022,1733,Electronics,North,7,575.9,0.25,COD,8,2,3023.48
10203,7/22/2022,1484,Electronics,North,1,135.52,0.29,COD,7,1.9,96.22
10204,7/23/2022,1406,Home,West,1,398.08,0.31,COD,11,2.5,274.68
10205,7/24/2022,1230,Clothing,North,5,40.39,0.34,Card,3,1.7,133.29
10206,7/25/2022,1748,Clothing,East,2,53.85,0.27,Card,6,3.7,78.62
10207,7/26/2022,1654,Clothing,South,5,337.82,0.21,Card,4,3.5,1334.39
10208,7/27/2022,1170,Electronics,West,1,76.39,0.13,Card,5,3.5,66.46
10209,7/28/2022,1540,Electronics,East,4,28.07,0.06,Card,3,1.9,105.54
10210,7/29/2022,1035,Clothing,South,2,115.34,0.24,Card,5,2,175.32
10211,7/30/2022,1524,Electronics,West,4,345.44,0.35,Card,6,4.1,898.14
10212,7/31/2022,1159,Electronics,West,5,426.45,0.16,COD,8,3.8,1791.09
10213,8/1/2022,1838,Home,South,3,133.45,0.25,Wallet,6,4.5,300.26
10214,8/2/2022,1698,Beauty,South,4,405.93,0.17,Wallet,9,2.6,1347.69
10215,8/3/2022,1242,Home,East,5,121.75,0.15,Card,10,3.2,517.44
10216,8/4/2022,1085,Beauty,North,5,373.87,0.14,Card,10,4,1607.64
10217,8/5/2022,1795,Electronics,North,5,256,0.18,Card,10,4.9,1049.6
10218,8/6/2022,1577,Beauty,North,3,397.47,0.13,Wallet,10,5,1037.4
10219,8/7/2022,1681,Electronics,North,3,597.11,0.26,COD,4,5,1325.58
10220,8/8/2022,1556,Beauty,North,7,563.62,0.31,Card,2,4.6,2722.28
10221,8/9/2022,1573,Beauty,East,3,17.5,0.31,Wallet,9,3.6,36.22
10222,8/10/2022,1952,Home,West,2,532.98,0.08,Card,11,1,980.68
10223,8/11/2022,1645,Beauty,East,3,53.9,0.31,Wallet,3,3.8,111.57
10224,8/12/2022,1795,Clothing,East,3,572.53,0.12,Card,11,2,1511.48
10225,8/13/2022,1027,Electronics,East,3,179.87,0.11,Card,7,1.2,480.25
10226,8/14/2022,1619,Clothing,West,4,238.49,0.25,COD,4,3.8,715.47
10227,8/15/2022,1555,Clothing,East,3,68.61,0.11,Wallet,1,4,183.19
10228,8/16/2022,1339,Electronics,East,2,80.68,0.02,Wallet,8,3.6,158.13
10229,8/17/2022,1797,Clothing,West,5,440.14,0.13,COD,4,2.5,1914.61
10230,8/18/2022,1957,Beauty,East,4,567.43,0.25,Card,11,3,1702.29
10231,8/19/2022,1330,Electronics,North,1,372.29,0.11,Card,6,4.7,331.34
10232,8/20/2022,1639,Home,South,3,433.77,0.22,Wallet,7,3.9,1015.02
10233,8/21/2022,1505,Beauty,East,7,460.75,0.23,COD,8,3,2483.44
10234,8/22/2022,1347,Beauty,South,7,168.75,0.26,COD,10,3.4,874.12
10235,8/23/2022,1472,Beauty,East,5,41.46,0.31,Card,2,4.7,143.04
10236,8/24/2022,1230,Clothing,East,5,16.1,0.15,COD,9,2.6,68.42
10237,8/25/2022,1189,Beauty,North,4,220.13,0.06,Card,10,1.4,827.69
10238,8/26/2022,1224,Home,West,7,156.26,0.11,COD,3,2.3,973.5
10239,8/27/2022,1384,Electronics,South,1,51.46,0.15,Wallet,1,2.7,43.74
10240,8/28/2022,1376,Clothing,West,6,120.02,0.25,COD,2,2.1,540.09
10241,8/29/2022,1282,Home,North,7,87.83,0,COD,8,3.1,614.81
10242,8/30/2022,1957,Electronics,North,7,550.2,0.11,Card,10,2.2,3427.75
10243,8/31/2022,1632,Clothing,South,2,97.06,0.27,Card,6,1.4,141.71
10244,9/1/2022,1627,Home,West,6,329.52,0.23,Wallet,11,1.8,1522.38
10245,9/2/2022,1972,Electronics,North,5,361.97,0.26,Card,1,4.7,1339.29
10246,9/3/2022,1744,Clothing,East,6,332.94,0.28,Wallet,11,3.5,1438.3
10247,9/4/2022,1258,Home,East,7,72.95,0.27,COD,9,2.3,372.77
10248,9/5/2022,1358,Clothing,East,5,201.5,0.24,COD,7,2.5,765.7
10249,9/6/2022,1709,Electronics,West,6,44.99,0.15,Wallet,10,3,229.45
10250,9/7/2022,1455,Electronics,East,5,246.47,0.34,COD,11,3.7,813.35
10251,9/8/2022,1410,Clothing,East,5,125.33,0.2,Wallet,3,3.3,501.32
10252,9/9/2022,1648,Beauty,North,4,343.56,0.07,Card,7,4.7,1278.04
10253,9/10/2022,1317,Electronics,North,1,420.29,0.1,COD,6,3.5,378.26
10254,9/11/2022,1676,Clothing,East,5,326.29,0.24,COD,3,4.6,1239.9
10255,9/12/2022,1224,Electronics,East,2,269.03,0.32,Card,8,1,365.88
10256,9/13/2022,1818,Electronics,North,7,241.59,0.06,COD,1,4.6,1589.66
10257,9/14/2022,1233,Home,South,7,507.39,0.03,COD,5,3.9,3445.18
10258,9/15/2022,1683,Home,West,2,143.33,0.31,Wallet,8,1.7,197.8
10259,9/16/2022,1663,Electronics,West,3,444.52,0.32,Card,3,2.1,906.82
10260,9/17/2022,1974,Clothing,North,5,458.13,0.1,COD,11,3.2,2061.58
10261,9/18/2022,1826,Electronics,West,5,260.23,0.13,Card,10,1.5,1132
10262,9/19/2022,1373,Clothing,North,5,188.92,0.23,COD,11,4.1,727.34
10263,9/20/2022,1671,Home,North,6,290.27,0.12,COD,6,4.2,1532.63
10264,9/21/2022,1607,Electronics,North,5,69.53,0.31,COD,10,2.2,239.88
10265,9/22/2022,1471,Electronics,North,5,41.87,0.04,Card,11,1.3,200.98
10266,9/23/2022,1232,Clothing,South,2,80.29,0.01,Card,2,5,158.97
10267,9/24/2022,1691,Beauty,East,1,124.48,0.07,Card,9,2,115.77
10268,9/25/2022,1112,Beauty,East,1,309.94,0.1,Card,2,1.3,278.95
10269,9/26/2022,1829,Electronics,South,3,511.74,0.04,COD,5,2.3,1473.81
10270,9/27/2022,1496,Home,West,2,152.85,0.02,Wallet,3,4.9,299.59
10271,9/28/2022,1441,Clothing,West,5,562.07,0.26,Card,10,4.2,2079.66
10272,9/29/2022,1563,Clothing,East,1,573.62,0.06,Card,9,2.9,539.2
10273,9/30/2022,1267,Home,West,4,575.96,0.32,COD,9,2.2,1566.61
10274,10/1/2022,1509,Beauty,East,4,504.97,0.13,COD,7,2.7,1757.3
10275,10/2/2022,1806,Beauty,East,4,227.84,0.23,Card,10,1.1,701.75
10276,10/3/2022,1385,Clothing,South,5,57.52,0.08,Card,5,3.9,264.59
10277,10/4/2022,1386,Clothing,West,5,347.76,0.08,Card,9,1.4,1599.7
10278,10/5/2022,1112,Home,South,3,341.83,0.2,Card,7,3.1,820.39
10279,10/6/2022,1612,Electronics,East,7,512.24,0.2,Card,2,3.3,2868.54
10280,10/7/2022,1624,Clothing,East,3,597.65,0.27,Card,10,1,1308.85
10281,10/8/2022,1951,Clothing,East,3,312.27,0.27,COD,1,4.9,683.87
10282,10/9/2022,1080,Home,North,6,216.94,0.23,COD,10,2.2,1002.26
10283,10/10/2022,1698,Electronics,North,4,123.75,0.16,Card,10,1.3,415.8
10284,10/11/2022,1112,Electronics,North,5,17.81,0.31,COD,4,4.4,61.44
10285,10/12/2022,1001,Beauty,South,4,312.83,0.22,COD,10,1.6,976.03
10286,10/13/2022,1641,Electronics,East,3,339.98,0.35,Wallet,8,1.1,662.96
10287,10/14/2022,1219,Clothing,West,5,497.59,0.29,Card,6,3,1766.44
10288,10/15/2022,1565,Electronics,South,2,310.18,0.02,COD,2,1.5,607.95
10289,10/16/2022,1854,Electronics,South,1,551.13,0.11,COD,5,4.9,490.51
10290,10/17/2022,1996,Electronics,South,1,382.43,0.2,Card,9,1,305.94
10291,10/18/2022,1735,Electronics,West,3,506.6,0.25,Wallet,6,1.2,1139.85
10292,10/19/2022,1224,Beauty,East,7,101.76,0.19,COD,6,4.3,576.98
10293,10/20/2022,1384,Electronics,North,4,515.37,0.28,COD,7,2,1484.27
10294,10/21/2022,1402,Beauty,East,2,409.96,0.1,Card,11,4.6,737.93
10295,10/22/2022,1637,Clothing,East,5,114.59,0.06,Card,5,2.2,538.57
10296,10/23/2022,1129,Clothing,South,7,126.01,0.02,COD,3,1.3,864.43
10297,10/24/2022,1052,Clothing,South,4,557,0.2,Card,3,1,1782.4
10298,10/25/2022,1683,Clothing,South,3,33.85,0.24,COD,5,2.1,77.18
10299,10/26/2022,1729,Home,North,4,285.58,0.11,Card,4,2.9,1016.66
10300,10/27/2022,1671,Electronics,North,3,198.38,0.21,COD,5,1,470.16
10301,10/28/2022,1709,Clothing,North,6,404.07,0.02,COD,9,3.3,2375.93
10302,10/29/2022,1415,Beauty,East,1,506.18,0.03,Card,5,2.3,490.99
10303,10/30/2022,1246,Beauty,South,7,225.82,0.25,COD,4,2.6,1185.56
10304,10/31/2022,1835,Beauty,West,1,264.74,0.13,Card,4,2,230.32
10305,11/1/2022,1438,Clothing,East,4,589.42,0.23,Card,1,3.1,1815.41
10306,11/2/2022,1202,Home,North,2,473.59,0.29,Card,10,1.9,672.5
10307,11/3/2022,1183,Clothing,West,5,539.86,0.3,Card,4,1.5,1889.51
10308,11/4/2022,1122,Clothing,West,3,271.68,0.06,Card,4,4.6,766.14
10309,11/5/2022,1400,Electronics,South,5,151.93,0.17,Wallet,9,2.6,630.51
10310,11/6/2022,1766,Clothing,West,1,255.94,0.26,Card,11,1.3,189.4
10311,11/7/2022,1293,Electronics,North,2,433.91,0.27,Card,4,1.9,633.51
10312,11/8/2022,1279,Electronics,South,2,79.02,0.27,Card,7,2.2,115.37
10313,11/9/2022,1836,Beauty,West,5,173.22,0.08,Card,1,4.1,796.81
10314,11/10/2022,1883,Electronics,South,1,42.28,0.07,COD,7,1.1,39.32
10315,11/11/2022,1609,Electronics,West,5,267.92,0.21,Card,2,2.9,1058.28
10316,11/12/2022,1197,Electronics,East,4,499.06,0.26,COD,11,2.6,1477.22
10317,11/13/2022,1981,Beauty,East,2,29.43,0.11,Card,8,4.9,52.39
10318,11/14/2022,1906,Clothing,North,2,410.06,0.04,Wallet,1,1.7,787.32
10319,11/15/2022,1510,Clothing,East,4,560.51,0.25,Card,10,3.5,1681.53
10320,11/16/2022,1751,Home,East,1,153.6,0.1,COD,3,1.8,138.24
10321,11/17/2022,1143,Home,East,2,420.78,0.06,COD,8,3.2,791.07
10322,11/18/2022,1608,Electronics,West,7,585.43,0.05,Card,10,3.2,3893.11
10323,11/19/2022,1200,Home,West,6,577.93,0.11,COD,8,1.3,3086.15
10324,11/20/2022,1123,Home,South,6,152.43,0.21,COD,11,2.8,722.52
10325,11/21/2022,1186,Home,West,6,73.69,0.13,Card,5,2.8,384.66
10326,11/22/2022,1325,Electronics,East,3,101.75,0.01,COD,5,2.3,302.2
10327,11/23/2022,1463,Beauty,West,7,425.69,0.03,Wallet,8,2.1,2890.44
10328,11/24/2022,1348,Clothing,North,3,439.57,0.1,COD,10,1.9,1186.84
10329,11/25/2022,1770,Electronics,South,1,409.43,0.23,Wallet,5,1,315.26
10330,11/26/2022,1659,Clothing,South,4,211.61,0.03,Card,9,1,821.05
10331,11/27/2022,1763,Electronics,West,5,114.32,0.2,COD,1,3.4,457.28
10332,11/28/2022,1954,Electronics,East,7,354.75,0.04,Wallet,5,2.2,2383.92
10333,11/29/2022,1931,Home,South,1,297.95,0.07,Card,3,1.7,277.09
10334,11/30/2022,1402,Electronics,North,5,441.37,0.06,Wallet,3,3.7,2074.44
10335,12/1/2022,1345,Clothing,North,1,273.2,0.02,Card,2,3.1,267.74
10336,12/2/2022,1962,Clothing,South,3,213.1,0.23,Wallet,3,4.7,492.26
10337,12/3/2022,1510,Electronics,East,6,186.68,0.16,Card,7,4.3,940.87
10338,12/4/2022,1146,Beauty,East,4,138.71,0.29,Card,8,3.9,393.94
10339,12/5/2022,1147,Electronics,West,3,170.46,0.03,Wallet,8,1.5,496.04
10340,12/6/2022,1863,Electronics,West,4,70.48,0.05,Card,11,3.7,267.82
10341,12/7/2022,1710,Electronics,South,7,217.91,0.11,Card,8,3.8,1357.58
10342,12/8/2022,1819,Electronics,West,5,36.39,0.27,Card,1,4.1,132.82
10343,12/9/2022,1488,Electronics,West,1,124.05,0.11,COD,11,2.1,110.4
10344,12/10/2022,1928,Home,West,2,451.86,0.14,Wallet,7,3.6,777.2
10345,12/11/2022,1935,Beauty,North,2,205.4,0.11,Card,2,3.5,365.61
10346,12/12/2022,1639,Electronics,West,4,405.92,0.03,COD,11,2.5,1574.97
10347,12/13/2022,1550,Home,South,6,434.38,0.33,Card,10,3.7,1746.21
10348,12/14/2022,1337,Home,East,6,354.99,0.19,COD,4,1.3,1725.25
10349,12/15/2022,1871,Home,West,4,575.84,0.28,Card,5,3.6,1658.42
10350,12/16/2022,1640,Clothing,East,3,27.54,0.23,Card,1,3.4,63.62
10351,12/17/2022,1778,Electronics,West,2,447.11,0.18,Card,4,1.8,733.26
10352,12/18/2022,1987,Electronics,South,3,575.89,0.03,COD,4,4.3,1675.84
10353,12/19/2022,1952,Home,North,5,519.43,0.22,Wallet,9,4.5,2025.78
10354,12/20/2022,1472,Home,South,2,113.22,0.05,COD,9,1.8,215.12
10355,12/21/2022,1945,Electronics,North,5,206.19,0.15,Card,11,1.3,876.31
10356,12/22/2022,1150,Clothing,West,1,115.88,0.22,COD,10,3.4,90.39
10357,12/23/2022,1414,Beauty,West,3,366.77,0.27,COD,1,2.9,803.23
10358,12/24/2022,1989,Home,North,4,431.63,0.24,Card,8,2.7,1312.16
10359,12/25/2022,1297,Beauty,South,2,200.49,0.24,Card,4,4,304.74
10360,12/26/2022,1610,Home,South,3,330.61,0.05,Card,4,4.9,942.24
10361,12/27/2022,1262,Clothing,North,4,419.19,0.12,COD,5,2.9,1475.55
10362,12/28/2022,1763,Clothing,West,1,261.48,0.02,COD,2,1,256.25
10363,12/29/2022,1143,Home,North,2,514.6,0.25,COD,1,3.4,771.9
10364,12/30/2022,1345,Electronics,West,5,466.36,0.33,Card,5,3.6,1562.31
10365,12/31/2022,1623,Clothing,North,1,52.83,0.09,Card,7,4.3,48.08
10366,1/1/2023,1571,Home,West,6,378.36,0.03,Wallet,10,1.8,2202.06
10367,1/2/2023,1880,Electronics,North,4,152.67,0.17,Card,9,3.1,506.86
10368,1/3/2023,1001,Home,East,2,341.15,0.3,Wallet,2,2.8,477.61
10369,1/4/2023,1896,Clothing,West,2,574.78,0.19,COD,8,3.7,931.14
10370,1/5/2023,1303,Beauty,South,7,529.25,0.02,Card,7,1.3,3630.66
10371,1/6/2023,1253,Electronics,North,7,251.64,0.34,COD,2,4.5,1162.58
10372,1/7/2023,1651,Electronics,South,1,185.54,0.29,Wallet,5,3,131.73
10373,1/8/2023,1452,Clothing,North,2,152.13,0.05,Card,7,4.5,289.05
10374,1/9/2023,1036,Electronics,South,4,326.52,0.32,Wallet,3,2.4,888.13
10375,1/10/2023,1159,Home,South,1,81.84,0.16,Card,2,3.6,68.75
10376,1/11/2023,1008,Home,North,5,336.33,0.13,COD,6,4.8,1463.04
10377,1/12/2023,1232,Electronics,North,1,15.78,0.16,Wallet,10,4.8,13.26
10378,1/13/2023,1098,Clothing,South,1,204.45,0.29,Wallet,6,4.8,145.16
10379,1/14/2023,1658,Clothing,South,5,143.66,0.23,COD,11,1.2,553.09
10380,1/15/2023,1815,Clothing,South,6,583.16,0.02,COD,4,2.6,3428.98
10381,1/16/2023,1207,Beauty,West,7,440.44,0.34,Card,1,1.2,2034.83
10382,1/17/2023,1130,Home,West,4,219.55,0.05,Card,5,2.2,834.29
10383,1/18/2023,1403,Home,East,6,69.31,0.26,Card,1,1.7,307.74
10384,1/19/2023,1151,Home,West,6,317.33,0.22,Card,11,3.5,1485.1
10385,1/20/2023,1053,Clothing,West,6,139.87,0.07,Card,11,4.1,780.47
10386,1/21/2023,1119,Beauty,North,7,328.81,0.06,Card,8,3.1,2163.57
10387,1/22/2023,1672,Home,East,3,503.69,0.3,Wallet,2,4.2,1057.75
10388,1/23/2023,1919,Home,East,7,375.24,0.15,COD,9,1.1,2232.68
10389,1/24/2023,1627,Beauty,West,6,385.77,0.23,Card,9,4.3,1782.26
10390,1/25/2023,1586,Electronics,North,3,331.5,0.18,Wallet,3,1.7,815.49
10391,1/26/2023,1624,Home,North,5,557.45,0.25,Card,6,2.8,2090.44
10392,1/27/2023,1967,Electronics,East,7,560.16,0.17,COD,9,2.8,3254.53
10393,1/28/2023,1419,Electronics,North,4,314.94,0.1,COD,7,4.5,1133.78
10394,1/29/2023,1421,Electronics,South,6,193.87,0.13,Card,4,4.9,1012
10395,1/30/2023,1103,Beauty,West,2,283.86,0.3,COD,3,2,397.4
10396,1/31/2023,1851,Beauty,South,5,124.14,0.16,Card,2,1.3,521.39
10397,2/1/2023,1253,Home,East,3,387.26,0.07,Card,10,3.6,1080.46
10398,2/2/2023,1226,Home,East,7,307.55,0.33,Card,10,3,1442.41
10399,2/3/2023,1111,Clothing,North,4,75.43,0.28,Wallet,1,3.3,217.24
10400,2/4/2023,1509,Beauty,North,1,130.62,0.02,COD,11,1.2,128.01
10401,2/5/2023,1472,Clothing,East,4,295.58,0.35,COD,10,4.1,768.51
10402,2/6/2023,1098,Clothing,East,4,534.24,0.24,COD,11,1.9,1624.09
10403,2/7/2023,1152,Electronics,South,6,346.34,0.06,Card,1,2.3,1953.36
10404,2/8/2023,1860,Home,South,6,413.7,0.08,COD,4,1.9,2283.62
10405,2/9/2023,1913,Home,North,7,213.33,0.24,Card,4,4.8,1134.92
10406,2/10/2023,1895,Clothing,South,7,349.28,0.27,Card,9,1.7,1784.82
10407,2/11/2023,1877,Electronics,North,3,276.72,0.08,COD,10,3.9,763.75
10408,2/12/2023,1337,Home,North,7,400.59,0.09,Card,1,2,2551.76
10409,2/13/2023,1705,Electronics,West,3,44.59,0.11,Card,11,2.7,119.06
10410,2/14/2023,1821,Home,North,6,303.58,0.21,Wallet,4,5,1438.97
10411,2/15/2023,1162,Beauty,South,6,188.16,0.06,COD,3,1.4,1061.22
10412,2/16/2023,1719,Clothing,East,2,205.82,0.04,COD,9,4.5,395.17
10413,2/17/2023,1956,Electronics,East,2,577.14,0.24,Card,5,4.8,877.25
10414,2/18/2023,1680,Home,South,5,121.88,0.27,Card,9,3.8,444.86
10415,2/19/2023,1995,Home,East,6,197.08,0.18,COD,10,1,969.63
10416,2/20/2023,1160,Clothing,North,1,313.29,0.13,COD,6,4.3,272.56
10417,2/21/2023,1579,Beauty,East,2,519.87,0.15,COD,11,4.5,883.78
10418,2/22/2023,1800,Electronics,South,3,258.75,0.14,Wallet,9,4.9,667.58
10419,2/23/2023,1397,Clothing,East,4,450.16,0.34,Wallet,1,4.4,1188.42
10420,2/24/2023,1276,Home,North,7,515.98,0.27,Card,4,2.8,2636.66
10421,2/25/2023,1815,Beauty,North,7,196.36,0.07,Wallet,4,3.8,1278.3
10422,2/26/2023,1915,Electronics,South,5,244.76,0.13,COD,10,2.9,1064.71
10423,2/27/2023,1503,Home,South,2,223.59,0.19,COD,10,2.4,362.22
10424,2/28/2023,1895,Clothing,South,4,502.22,0.21,Card,6,3.5,1587.02
10425,3/1/2023,1391,Clothing,West,4,40.94,0.16,COD,10,4.1,137.56
10426,3/2/2023,1134,Electronics,West,2,195.43,0.28,Wallet,1,3.5,281.42
10427,3/3/2023,1194,Beauty,North,1,412.45,0.27,COD,10,4.3,301.09
10428,3/4/2023,1400,Electronics,West,1,345.78,0.18,COD,5,1.7,283.54
10429,3/5/2023,1639,Electronics,West,5,270.23,0.3,Card,3,2.5,945.8
10430,3/6/2023,1032,Electronics,East,1,330.87,0.26,Card,1,2.3,244.84
10431,3/7/2023,1687,Beauty,West,5,130.59,0.27,Card,6,1.8,476.65
10432,3/8/2023,1459,Home,East,3,266.97,0.33,Card,3,2.8,536.61
10433,3/9/2023,1954,Home,South,2,308.5,0.09,COD,4,4.8,561.47
10434,3/10/2023,1882,Electronics,East,4,542.2,0.09,Card,9,3.2,1973.61
10435,3/11/2023,1469,Clothing,East,5,167.59,0.31,COD,2,2.1,578.19
10436,3/12/2023,1374,Clothing,South,7,522.68,0.27,Card,1,2.4,2670.89
10437,3/13/2023,1021,Home,South,1,391.88,0.32,Card,10,3.5,266.48
10438,3/14/2023,1749,Beauty,North,7,26.9,0.02,Card,6,2.4,184.53
10439,3/15/2023,1669,Electronics,North,5,438.91,0.22,Wallet,1,3.2,1711.75
10440,3/16/2023,1037,Home,North,6,35.8,0.05,Card,1,2.1,204.06
10441,3/17/2023,1229,Electronics,North,5,598.47,0.18,Card,7,2.4,2453.73
10442,3/18/2023,1364,Clothing,East,1,525.49,0.05,Wallet,2,3.8,499.22
10443,3/19/2023,1562,Electronics,East,6,188.95,0.04,Wallet,4,3.3,1088.35
10444,3/20/2023,1437,Electronics,North,6,165.59,0,COD,4,1.4,993.54
10445,3/21/2023,1775,Clothing,West,1,238.14,0.22,Card,2,4.9,185.75
10446,3/22/2023,1282,Clothing,North,6,223.36,0.13,Card,6,1.2,1165.94
10447,3/23/2023,1026,Electronics,West,2,232.82,0.04,Wallet,10,1.3,447.01
10448,3/24/2023,1225,Home,South,4,201.19,0.11,Wallet,2,3.8,716.24
10449,3/25/2023,1276,Clothing,East,7,378.36,0.06,COD,8,3.8,2489.61
10450,3/26/2023,1797,Electronics,East,2,111.09,0.33,Card,4,1.1,148.86
10451,3/27/2023,1608,Home,West,2,509.9,0.11,Card,1,3.6,907.62
10452,3/28/2023,1283,Electronics,North,1,490.26,0.12,Card,7,1.1,431.43
10453,3/29/2023,1878,Clothing,East,1,293.74,0.29,COD,6,4.8,208.56
10454,3/30/2023,1959,Home,West,7,513.85,0.23,Card,6,3.8,2769.65
10455,3/31/2023,1480,Electronics,South,4,159.58,0.25,Wallet,11,1.7,478.74
10456,4/1/2023,1452,Electronics,South,5,25.28,0.22,Card,3,1.6,98.59
10457,4/2/2023,1828,Clothing,East,2,377.24,0.33,COD,10,3.3,505.5
10458,4/3/2023,1815,Beauty,North,6,282.88,0.07,Card,7,3.5,1578.47
10459,4/4/2023,1658,Clothing,West,4,346.79,0.35,COD,6,4.3,901.65
10460,4/5/2023,1515,Home,East,2,541.11,0.29,Card,10,4.6,768.38
10461,4/6/2023,1546,Clothing,South,5,582.41,0.21,COD,10,2.6,2300.52
10462,4/7/2023,1191,Electronics,North,6,386.16,0.23,COD,9,4.4,1784.06
10463,4/8/2023,1048,Clothing,West,2,461.97,0.23,Card,3,3.2,711.43
10464,4/9/2023,1511,Home,East,3,64.03,0.02,Wallet,3,2.9,188.25
10465,4/10/2023,1016,Electronics,West,7,109.02,0.08,COD,4,3.8,702.09
10466,4/11/2023,1171,Electronics,North,4,443.92,0.34,Wallet,3,1.4,1171.95
10467,4/12/2023,1219,Electronics,North,7,267.35,0.19,Wallet,4,2.1,1515.87
10468,4/13/2023,1157,Clothing,South,1,275.89,0.13,Wallet,6,4.3,240.02
10469,4/14/2023,1476,Beauty,North,2,195.54,0.27,Card,1,3,285.49
10470,4/15/2023,1045,Electronics,East,6,370.3,0.18,Card,2,4.6,1821.88
10471,4/16/2023,1372,Clothing,West,6,123.32,0,Wallet,10,1.4,739.92
10472,4/17/2023,1517,Electronics,North,4,381.75,0.26,COD,6,2.3,1129.98
10473,4/18/2023,1098,Beauty,North,4,116.67,0.26,Card,6,2.4,345.34
10474,4/19/2023,1891,Electronics,East,7,52.34,0.06,COD,1,2.7,344.4
10475,4/20/2023,1744,Clothing,West,6,208.26,0.33,Card,6,4.9,837.21
10476,4/21/2023,1036,Home,West,6,150.22,0.08,COD,11,2.2,829.21
10477,4/22/2023,1279,Home,South,6,535.06,0.16,Wallet,9,3.1,2696.7
10478,4/23/2023,1348,Clothing,South,2,47.15,0.04,COD,8,3.1,90.53
10479,4/24/2023,1496,Electronics,West,6,118.32,0.21,Card,10,4.1,560.84
10480,4/25/2023,1301,Clothing,East,1,336,0.13,Card,5,3.1,292.32
10481,4/26/2023,1180,Electronics,East,6,296.42,0.12,Card,4,3.4,1565.1
10482,4/27/2023,1606,Electronics,South,1,41.82,0.29,COD,6,4,29.69
10483,4/28/2023,1098,Clothing,North,2,19.24,0,Card,11,1.4,38.48
10484,4/29/2023,1699,Electronics,East,4,593.02,0.28,COD,5,4.9,1707.9
10485,4/30/2023,1992,Electronics,North,1,400.42,0.2,COD,6,4.4,320.34
10486,5/1/2023,1115,Home,East,2,228.76,0.35,COD,10,2.6,297.39
10487,5/2/2023,1190,Beauty,West,6,290.2,0.21,Wallet,11,3.9,1375.55
10488,5/3/2023,1252,Clothing,South,2,170.93,0.02,COD,3,4,335.02
10489,5/4/2023,1980,Electronics,North,6,216.75,0.02,Card,7,4.4,1274.49
10490,5/5/2023,1927,Electronics,North,7,394.69,0.31,COD,8,1.8,1906.35
10491,5/6/2023,1982,Beauty,West,2,531.44,0.29,COD,5,3.8,754.64
10492,5/7/2023,1160,Electronics,East,4,122.72,0.12,Card,5,1.1,431.97
10493,5/8/2023,1255,Electronics,North,1,506.61,0.22,COD,4,1.5,395.16
10494,5/9/2023,1322,Clothing,East,7,86.11,0.17,Card,10,4.1,500.3
10495,5/10/2023,1127,Clothing,West,4,140.77,0.34,Card,5,4.3,371.63
10496,5/11/2023,1017,Clothing,South,3,36.75,0.33,Wallet,10,3.4,73.87
10497,5/12/2023,1792,Electronics,North,6,97.37,0.34,Wallet,11,3.3,385.59
10498,5/13/2023,1734,Electronics,East,1,551.62,0.3,COD,8,4,386.13
10499,5/14/2023,1565,Beauty,North,4,283.77,0.32,COD,5,4.6,771.85
10500,5/15/2023,1569,Electronics,East,1,60.43,0.08,Wallet,9,2.7,55.6
10501,5/16/2023,1322,Home,East,3,576.44,0.29,Wallet,1,1.5,1227.82
10502,5/17/2023,1871,Home,East,5,529.21,0.25,COD,7,4.4,1984.54
10503,5/18/2023,1685,Clothing,West,6,456.49,0.34,COD,5,2.4,1807.7
10504,5/19/2023,1791,Electronics,South,6,561.08,0.2,Card,4,1.5,2693.18
10505,5/20/2023,1625,Electronics,North,2,143.78,0.03,Card,3,3.5,278.93
10506,5/21/2023,1287,Clothing,South,6,504.28,0.21,Card,10,3.3,2390.29
10507,5/22/2023,1942,Beauty,East,6,418.64,0.24,COD,7,2.9,1909
10508,5/23/2023,1853,Beauty,East,4,523.81,0.08,Wallet,2,4.4,1927.62
10509,5/24/2023,1662,Electronics,South,7,481.19,0.14,Wallet,5,2.1,2896.76
10510,5/25/2023,1961,Electronics,South,6,217.7,0.21,Card,2,1.1,1031.9
10511,5/26/2023,1638,Beauty,North,6,468.02,0.13,COD,7,2.3,2443.06
10512,5/27/2023,1154,Home,East,3,168.54,0.13,Card,6,1,439.89
10513,5/28/2023,1489,Beauty,South,7,207.23,0.05,Card,10,3.2,1378.08
10514,5/29/2023,1385,Electronics,West,3,78.12,0.33,Wallet,7,2.5,157.02
10515,5/30/2023,1985,Clothing,East,1,562.02,0.26,COD,9,4.3,415.89
10516,5/31/2023,1784,Home,East,1,185.24,0,COD,2,4.2,185.24
10517,6/1/2023,1103,Home,North,6,319.56,0.27,Card,9,2.7,1399.67
10518,6/2/2023,1928,Clothing,West,6,243.93,0.26,Card,7,1.9,1083.05
10519,6/3/2023,1392,Electronics,North,2,576.56,0,COD,2,2.7,1153.12
10520,6/4/2023,1810,Clothing,West,1,211,0.13,Card,10,3.6,183.57
10521,6/5/2023,1245,Electronics,North,4,470.45,0.21,Card,2,1.8,1486.62
10522,6/6/2023,1175,Clothing,West,6,515.42,0.16,Card,4,4.1,2597.72
10523,6/7/2023,1038,Beauty,West,4,269.83,0.27,COD,2,2.3,787.9
10524,6/8/2023,1476,Clothing,West,6,236.23,0.15,Wallet,1,4.7,1204.77
10525,6/9/2023,1681,Home,South,4,452.43,0.05,Wallet,6,3,1719.23
10526,6/10/2023,1758,Electronics,East,5,549.04,0.34,Wallet,10,4.4,1811.83
10527,6/11/2023,1537,Home,West,4,456.64,0.08,Wallet,11,3.5,1680.44
10528,6/12/2023,1866,Beauty,South,7,147.87,0.25,Wallet,5,3.2,776.32
10529,6/13/2023,1817,Electronics,South,1,534.66,0.05,COD,3,3.7,507.93
10530,6/14/2023,1920,Electronics,North,6,241.74,0.12,COD,11,4.2,1276.39
10531,6/15/2023,1407,Clothing,East,1,352.09,0.15,Card,1,3.6,299.28
10532,6/16/2023,1524,Electronics,East,7,501.39,0.07,Wallet,9,4.2,3264.05
10533,6/17/2023,1827,Home,North,7,125.21,0.16,Card,8,1.8,736.23
10534,6/18/2023,1505,Beauty,East,4,473.94,0.06,Card,6,2.1,1782.01
10535,6/19/2023,1902,Clothing,North,3,363.76,0.2,Wallet,6,1.9,873.02
10536,6/20/2023,1824,Electronics,South,3,537.6,0.23,Card,4,4.2,1241.86
10537,6/21/2023,1035,Clothing,South,7,115.6,0.02,Wallet,2,1.3,793.02
10538,6/22/2023,1684,Home,West,3,261.1,0.3,COD,4,4.2,548.31
10539,6/23/2023,1019,Electronics,North,6,502.21,0.06,Card,2,2.6,2832.46
10540,6/24/2023,1320,Clothing,South,2,26.25,0.08,COD,7,1.3,48.3
10541,6/25/2023,1775,Clothing,South,5,80.64,0.23,Wallet,9,2.7,310.46
10542,6/26/2023,1511,Clothing,North,4,594.48,0.16,Card,2,2.2,1997.45
10543,6/27/2023,1399,Electronics,South,2,179.03,0.17,COD,9,3.4,297.19
10544,6/28/2023,1653,Home,East,3,585.69,0.04,Wallet,9,2.9,1686.79
10545,6/29/2023,1971,Electronics,South,4,121.78,0.28,Card,8,2.2,350.73
10546,6/30/2023,1882,Electronics,North,2,226.24,0.22,Card,1,4.4,352.93
10547,7/1/2023,1470,Beauty,East,1,455.43,0.05,Card,5,2.6,432.66
10548,7/2/2023,1142,Home,East,3,399.8,0.13,Card,10,2.9,1043.48
10549,7/3/2023,1091,Electronics,South,2,354.96,0.28,Card,11,4.4,511.14
10550,7/4/2023,1353,Electronics,West,6,324.99,0.2,COD,4,1.4,1559.95
10551,7/5/2023,1833,Electronics,East,1,508.41,0.04,Card,7,2.6,488.07
10552,7/6/2023,1799,Electronics,North,3,152.44,0.13,Wallet,11,2.6,397.87
10553,7/7/2023,1726,Electronics,West,5,273.85,0.08,Card,8,3,1259.71
10554,7/8/2023,1958,Electronics,West,7,105.94,0.18,COD,10,1.4,608.1
10555,7/9/2023,1853,Clothing,East,3,363.63,0.3,COD,11,1.4,763.62
10556,7/10/2023,1050,Home,South,6,161.57,0.15,Wallet,8,2.7,824.01
10557,7/11/2023,1664,Clothing,West,5,210.3,0.15,COD,2,1.1,893.78
10558,7/12/2023,1697,Home,South,5,290.68,0.32,Card,3,2,988.31
10559,7/13/2023,1574,Electronics,East,5,30.66,0.2,Wallet,10,1.8,122.64
10560,7/14/2023,1189,Beauty,North,4,68.78,0.2,Card,10,3,220.1
10561,7/15/2023,1124,Home,West,4,416.27,0.09,Card,7,1,1515.22
10562,7/16/2023,1149,Home,North,7,265.95,0.21,Card,4,3.7,1470.7
10563,7/17/2023,1313,Home,South,5,520.9,0.2,COD,6,4.4,2083.6
10564,7/18/2023,1569,Beauty,South,7,421.38,0.14,Card,8,3.8,2536.71
10565,7/19/2023,1341,Clothing,North,1,19.74,0.35,COD,8,4.3,12.83
10566,7/20/2023,1304,Electronics,East,5,375.78,0.31,COD,7,3.6,1296.44
10567,7/21/2023,1691,Clothing,East,2,69.83,0.26,Wallet,2,3,103.35
10568,7/22/2023,1681,Home,West,5,471.85,0.19,Card,2,1.9,1910.99
10569,7/23/2023,1837,Home,West,4,595.03,0.16,Card,3,2.1,1999.3
10570,7/24/2023,1782,Clothing,East,4,325.75,0.06,Card,4,2.3,1224.82
10571,7/25/2023,1053,Electronics,East,2,414.43,0.11,Card,1,1.2,737.69
10572,7/26/2023,1443,Clothing,North,2,153.83,0.27,COD,5,4.7,224.59
10573,7/27/2023,1612,Beauty,South,3,270.99,0.16,COD,7,4.6,682.89
10574,7/28/2023,1992,Clothing,South,1,515.82,0.31,COD,10,1.4,355.92
10575,7/29/2023,1263,Clothing,West,1,112.94,0.05,Wallet,11,3.2,107.29
10576,7/30/2023,1052,Electronics,East,1,170.34,0.18,Wallet,5,2.9,139.68
10577,7/31/2023,1571,Clothing,North,6,275.58,0.23,Card,7,3.7,1273.18
10578,8/1/2023,1619,Beauty,West,4,431.67,0.18,Wallet,5,3.4,1415.88
10579,8/2/2023,1004,Home,North,1,234.89,0.31,Card,11,1.5,162.07
10580,8/3/2023,1102,Home,East,3,557.72,0.35,COD,10,3.6,1087.55
10581,8/4/2023,1195,Clothing,East,3,70.26,0.04,COD,8,3.4,202.35
10582,8/5/2023,1773,Clothing,East,1,231.92,0.05,Wallet,7,3.1,220.32
10583,8/6/2023,1876,Electronics,South,2,429.74,0.05,COD,1,2.6,816.51
10584,8/7/2023,1991,Home,East,3,147.2,0.24,COD,11,4.8,335.62
10585,8/8/2023,1883,Clothing,West,7,399,0.13,Wallet,1,4.4,2429.91
10586,8/9/2023,1349,Clothing,South,2,111.07,0.26,COD,5,3.3,164.38
10587,8/10/2023,1046,Clothing,North,7,47.75,0.14,COD,2,1,287.46
10588,8/11/2023,1866,Beauty,West,4,85.79,0.22,Card,9,2.7,267.66
10589,8/12/2023,1822,Electronics,West,6,559.04,0.27,Card,2,3.8,2448.6
10590,8/13/2023,1935,Home,North,3,337.77,0.19,Wallet,9,1.5,820.78
10591,8/14/2023,1819,Electronics,South,2,480.86,0.19,COD,10,2.6,778.99
10592,8/15/2023,1655,Clothing,West,7,209.6,0.03,COD,2,1.8,1423.18
10593,8/16/2023,1268,Electronics,West,1,361.71,0.14,Card,4,2.4,311.07
10594,8/17/2023,1369,Electronics,West,7,304.55,0.19,Card,3,1.1,1726.8
10595,8/18/2023,1635,Clothing,South,7,568.26,0.16,Card,6,1.5,3341.37
10596,8/19/2023,1105,Electronics,South,4,452.33,0.32,COD,4,2.8,1230.34
10597,8/20/2023,1669,Clothing,South,5,442.37,0.32,Card,9,4.6,1504.06
10598,8/21/2023,1658,Beauty,West,5,42.12,0.29,Card,9,3,149.53
10599,8/22/2023,1656,Electronics,East,1,336.56,0.13,COD,10,2.8,292.81
10600,8/23/2023,1119,Home,North,4,288.19,0.25,COD,9,4.2,864.57
10601,8/24/2023,1830,Clothing,East,4,557.79,0.14,Card,3,2.1,1918.8
10602,8/25/2023,1786,Home,South,4,165.55,0.08,COD,3,1.4,609.22
10603,8/26/2023,1603,Electronics,West,4,172.85,0.12,Wallet,4,1.8,608.43
10604,8/27/2023,1057,Electronics,West,5,255.64,0.02,COD,9,4.2,1252.64
10605,8/28/2023,1950,Electronics,East,2,157.37,0.12,Wallet,6,3.7,276.97
10606,8/29/2023,1345,Electronics,East,4,90.57,0.16,Wallet,9,1.4,304.32
10607,8/30/2023,1740,Electronics,North,2,516.59,0.33,Card,8,3.7,692.23
10608,8/31/2023,1473,Home,West,7,341.59,0.11,Card,7,4.7,2128.11
10609,9/1/2023,1116,Beauty,East,7,518.9,0.32,COD,5,1.2,2469.96
10610,9/2/2023,1829,Home,North,4,501.21,0.08,COD,9,3.5,1844.45
10611,9/3/2023,1790,Home,South,3,179.99,0.07,Card,4,2.5,502.17
10612,9/4/2023,1126,Electronics,East,6,335.43,0.18,Card,4,3,1650.32
10613,9/5/2023,1392,Electronics,South,3,63.68,0.24,COD,8,3.1,145.19
10614,9/6/2023,1907,Electronics,North,7,550.42,0.02,Card,4,4.1,3775.88
10615,9/7/2023,1640,Electronics,South,6,251.49,0.08,Wallet,7,3.2,1388.22
10616,9/8/2023,1057,Clothing,West,3,245.3,0.16,Card,4,3.4,618.16
10617,9/9/2023,1633,Clothing,West,4,192.11,0.12,Wallet,11,2.3,676.23
10618,9/10/2023,1512,Clothing,South,2,284.49,0.25,Card,1,1.5,426.74
10619,9/11/2023,1750,Clothing,West,6,162.28,0.18,Card,10,3.7,798.42
10620,9/12/2023,1801,Home,North,5,234.29,0.06,Card,9,1,1101.16
10621,9/13/2023,1095,Home,West,1,482.97,0.31,Wallet,4,2.3,333.25
10622,9/14/2023,1637,Electronics,South,6,503.04,0.1,Card,3,1.9,2716.42
10623,9/15/2023,1117,Beauty,South,6,192.95,0.26,COD,3,2.6,856.7
10624,9/16/2023,1559,Beauty,South,5,289.37,0.27,Wallet,9,2.2,1056.2
10625,9/17/2023,1600,Electronics,East,4,526.18,0.34,COD,8,3.8,1389.12
10626,9/18/2023,1487,Clothing,South,3,45.81,0.17,Card,10,2,114.07
10627,9/19/2023,1236,Clothing,North,3,535.15,0.22,Wallet,7,3.2,1252.25
10628,9/20/2023,1884,Beauty,West,7,143.22,0.12,Wallet,7,2.8,882.24
10629,9/21/2023,1896,Beauty,West,2,411.95,0.24,Card,4,4.2,626.16
10630,9/22/2023,1271,Electronics,East,4,355.79,0.16,COD,3,2.7,1195.45
10631,9/23/2023,1188,Clothing,East,5,338.47,0.15,Wallet,4,4.5,1438.5
10632,9/24/2023,1998,Clothing,North,4,517.73,0.3,Wallet,6,1,1449.64
10633,9/25/2023,1703,Clothing,South,4,74.42,0.02,Card,4,3.4,291.73
10634,9/26/2023,1446,Electronics,East,3,218.01,0.31,Wallet,4,1,451.28
10635,9/27/2023,1580,Beauty,West,5,329.88,0.3,Card,2,3.9,1154.58
10636,9/28/2023,1789,Home,East,1,489.6,0.18,Card,7,1.9,401.47
10637,9/29/2023,1860,Home,East,6,141.62,0.17,Card,6,2.5,705.27
10638,9/30/2023,1246,Beauty,South,3,484.71,0.13,Card,2,2.5,1265.09
10639,10/1/2023,1962,Home,East,5,248.79,0.35,COD,5,4.4,808.57
10640,10/2/2023,1075,Clothing,North,2,125.51,0.04,COD,6,1.4,240.98
10641,10/3/2023,1153,Clothing,West,6,459.01,0.21,Card,5,3.7,2175.71
10642,10/4/2023,1655,Electronics,South,6,68.18,0.24,Card,4,4.9,310.9
10643,10/5/2023,1434,Home,West,3,316.14,0.33,Card,11,1.1,635.44
10644,10/6/2023,1996,Electronics,North,7,52.37,0.27,Wallet,11,4.9,267.61
10645,10/7/2023,1085,Home,North,2,223.5,0.23,Wallet,9,1.1,344.19
10646,10/8/2023,1696,Electronics,East,3,366.63,0.04,Card,3,4.4,1055.89
10647,10/9/2023,1284,Electronics,East,4,340.33,0.13,Wallet,11,4.8,1184.35
10648,10/10/2023,1973,Electronics,East,7,251.72,0.05,Card,2,5,1673.94
10649,10/11/2023,1219,Electronics,West,5,265.99,0.31,COD,9,2.8,917.67
10650,10/12/2023,1068,Home,North,2,147.66,0.26,Wallet,8,4.5,218.54
10651,10/13/2023,1046,Home,South,6,281.69,0.27,Card,9,1.5,1233.8
10652,10/14/2023,1093,Clothing,East,3,572.65,0.23,COD,10,2.7,1322.82
10653,10/15/2023,1749,Electronics,West,6,512.51,0.18,Card,11,2.2,2521.55
10654,10/16/2023,1957,Electronics,East,2,99.96,0.05,Card,3,2.6,189.92
10655,10/17/2023,1452,Electronics,North,6,32.42,0.12,COD,1,3.8,171.18
10656,10/18/2023,1203,Electronics,South,3,561.11,0.05,Wallet,11,1.3,1599.16
10657,10/19/2023,1911,Beauty,North,7,323.15,0.25,COD,1,5,1696.54
10658,10/20/2023,1217,Electronics,West,3,329.64,0.06,Wallet,3,3.5,929.58
10659,10/21/2023,1473,Clothing,East,1,471.72,0.25,Wallet,4,4.5,353.79
10660,10/22/2023,1431,Electronics,North,6,199.09,0.24,Card,2,4.3,907.85
10661,10/23/2023,1340,Electronics,West,1,296.92,0.16,Card,8,4.1,249.41
10662,10/24/2023,1550,Clothing,East,7,581.67,0.05,COD,3,1.2,3868.11
10663,10/25/2023,1611,Clothing,South,1,408.21,0.11,COD,4,3.1,363.31
10664,10/26/2023,1288,Electronics,North,6,104.94,0.11,Card,6,2.3,560.38
10665,10/27/2023,1253,Electronics,East,2,92.94,0.25,Wallet,10,1.5,139.41
10666,10/28/2023,1733,Clothing,East,4,134.49,0.04,COD,6,2.4,516.44
10667,10/29/2023,1356,Electronics,East,7,463.53,0.29,Card,2,3.6,2303.74
10668,10/30/2023,1022,Electronics,East,3,187.8,0.27,COD,6,1.9,411.28
10669,10/31/2023,1761,Beauty,North,5,27.51,0.07,Card,4,2.8,127.92
10670,11/1/2023,1521,Clothing,East,7,567.34,0.25,COD,5,2.6,2978.54
10671,11/2/2023,1757,Clothing,West,1,114.28,0.23,Wallet,7,1.2,88
10672,11/3/2023,1836,Clothing,North,2,20.59,0.26,Wallet,7,3.5,30.47
10673,11/4/2023,1099,Clothing,East,6,153.72,0.07,Card,6,3.5,857.76
10674,11/5/2023,1801,Clothing,North,2,152.49,0.06,COD,10,4.9,286.68
10675,11/6/2023,1179,Home,West,2,261.87,0.08,COD,6,2.2,481.84
10676,11/7/2023,1222,Home,West,6,553.43,0.13,Card,6,2.7,2888.9
10677,11/8/2023,1905,Electronics,North,5,529.32,0.28,Card,4,2.6,1905.55
10678,11/9/2023,1761,Clothing,East,6,282.28,0.26,COD,3,4.7,1253.32
10679,11/10/2023,1658,Clothing,East,5,255.38,0.32,COD,1,2.6,868.29
10680,11/11/2023,1441,Beauty,West,6,339.68,0.02,Card,3,2.8,1997.32
10681,11/12/2023,1607,Clothing,East,1,157.42,0,Card,3,2,157.42
10682,11/13/2023,1768,Clothing,West,5,45.53,0.24,Card,9,1,173.01
10683,11/14/2023,1324,Electronics,East,1,564.45,0.1,Card,3,1.4,508.01
10684,11/15/2023,1515,Clothing,West,7,124.22,0.12,COD,8,3.8,765.2
10685,11/16/2023,1015,Electronics,South,5,131.06,0.19,Card,8,3.7,530.79
10686,11/17/2023,1791,Electronics,East,5,291.39,0.04,Card,3,2.3,1398.67
10687,11/18/2023,1335,Electronics,East,6,302.59,0.22,Wallet,10,2.9,1416.12
10688,11/19/2023,1758,Home,East,5,25.78,0.11,Card,10,2.2,114.72
10689,11/20/2023,1257,Electronics,North,1,101.55,0.22,COD,6,3.9,79.21
10690,11/21/2023,1496,Clothing,East,7,236.22,0.29,Wallet,8,4.4,1174.01
10691,11/22/2023,1987,Beauty,North,6,414.98,0.06,COD,8,4.6,2340.49
10692,11/23/2023,1895,Electronics,North,3,148.62,0.33,COD,10,1.7,298.73
10693,11/24/2023,1159,Clothing,West,7,262.46,0.19,Card,10,3.8,1488.15
10694,11/25/2023,1474,Clothing,North,7,341.05,0.32,Card,9,4.9,1623.4
10695,11/26/2023,1851,Electronics,North,1,534.83,0.07,COD,9,3.6,497.39
10696,11/27/2023,1663,Home,South,7,205.75,0.21,COD,8,2.4,1137.8
10697,11/28/2023,1907,Electronics,East,3,93.13,0.14,Card,7,3.5,240.28
10698,11/29/2023,1689,Clothing,North,2,301.22,0.27,COD,10,3.8,439.78
10699,11/30/2023,1674,Clothing,East,6,451.83,0.21,Wallet,3,2.6,2141.67
10700,12/1/2023,1379,Clothing,North,2,79.27,0.17,Card,7,1.4,131.59
10701,12/2/2023,1544,Home,West,6,263.44,0.32,COD,4,3.4,1074.84
10702,12/3/2023,1928,Electronics,South,7,25.4,0.13,COD,2,4.2,154.69
10703,12/4/2023,1956,Electronics,North,6,34.63,0.08,Wallet,8,5,191.16
10704,12/5/2023,1690,Home,East,1,297.53,0.21,Wallet,2,1.9,235.05
10705,12/6/2023,1426,Clothing,West,3,189.45,0.22,COD,1,3.8,443.31
10706,12/7/2023,1612,Home,East,6,509.39,0.15,Card,5,1.1,2597.89
10707,12/8/2023,1267,Home,West,3,367.26,0.17,Card,10,4.9,914.48
10708,12/9/2023,1834,Home,South,6,280.55,0.34,Card,9,1.1,1110.98
10709,12/10/2023,1576,Clothing,West,3,253.64,0.26,COD,5,2.4,563.08
10710,12/11/2023,1416,Electronics,East,2,305.89,0.04,COD,11,1.3,587.31
10711,12/12/2023,1167,Home,East,1,38.66,0.07,Wallet,2,3.5,35.95
10712,12/13/2023,1841,Clothing,North,6,537.28,0.34,COD,10,2.4,2127.63
10713,12/14/2023,1042,Electronics,West,4,599.01,0.25,COD,4,3.9,1797.03
10714,12/15/2023,1555,Beauty,East,3,121.17,0.32,COD,8,2.9,247.19
10715,12/16/2023,1284,Beauty,North,3,85.42,0.11,Card,7,2.7,228.07
10716,12/17/2023,1396,Clothing,South,4,98.99,0.26,COD,5,2.4,293.01
10717,12/18/2023,1011,Electronics,East,1,401.7,0.25,COD,4,1.3,301.27
10718,12/19/2023,1606,Clothing,North,3,401.94,0.1,Wallet,5,1.8,1085.24
10719,12/20/2023,1301,Home,East,1,511.04,0.19,Card,7,3.6,413.94
10720,12/21/2023,1897,Beauty,West,3,454.82,0.22,Wallet,5,3,1064.28
10721,12/22/2023,1252,Electronics,North,7,278.07,0.17,COD,8,1.3,1615.59
10722,12/23/2023,1498,Electronics,West,5,373.52,0.29,Card,7,3.2,1326
10723,12/24/2023,1753,Beauty,South,7,417.65,0.29,Card,7,1.2,2075.72
10724,12/25/2023,1034,Clothing,West,3,314.95,0.3,Card,9,3,661.39
10725,12/26/2023,1726,Clothing,North,5,293.26,0.28,COD,8,4.9,1055.74
10726,12/27/2023,1848,Beauty,East,6,392.38,0.17,Card,8,2.2,1954.05
10727,12/28/2023,1089,Electronics,North,1,341.12,0.13,Card,6,3.9,296.77
10728,12/29/2023,1775,Clothing,West,3,391.71,0.29,Wallet,7,4,834.34
10729,12/30/2023,1604,Electronics,West,2,373.52,0.17,COD,8,2.6,620.04
10730,12/31/2023,1921,Clothing,East,2,435.73,0.09,COD,5,3.4,793.03
10731,1/1/2024,1969,Home,South,4,391.04,0.18,Card,10,2.9,1282.61
10732,1/2/2024,1601,Clothing,North,2,319.05,0.05,COD,2,2.1,606.2
10733,1/3/2024,1417,Beauty,East,5,413.85,0.24,Card,7,4,1572.63
10734,1/4/2024,1114,Clothing,East,2,277.95,0.12,Wallet,10,3.8,489.19
10735,1/5/2024,1616,Electronics,East,2,156.38,0.09,Card,3,4.6,284.61
10736,1/6/2024,1902,Electronics,North,2,15.83,0.33,COD,10,3.5,21.21
10737,1/7/2024,1195,Clothing,North,3,342.58,0.27,COD,11,2.6,750.25
10738,1/8/2024,1825,Clothing,North,4,360.53,0.28,COD,8,3.9,1038.33
10739,1/9/2024,1500,Electronics,South,1,583.65,0.22,Wallet,6,3.5,455.25
10740,1/10/2024,1625,Clothing,East,4,226.46,0.29,Card,11,3.5,643.15
10741,1/11/2024,1492,Clothing,West,5,245.57,0.27,Card,4,4.4,896.33
10742,1/12/2024,1074,Home,West,3,133.05,0.21,COD,2,4.6,315.33
10743,1/13/2024,1412,Home,East,6,56.26,0.34,COD,7,1.7,222.79
10744,1/14/2024,1375,Home,West,3,467.09,0.07,Card,1,2.3,1303.18
10745,1/15/2024,1419,Electronics,South,7,161.06,0.33,Card,7,3.6,755.37
10746,1/16/2024,1728,Electronics,South,2,371.21,0.14,COD,10,3.2,638.48
10747,1/17/2024,1276,Home,North,2,417.35,0.18,Wallet,10,3.6,684.45
10748,1/18/2024,1760,Clothing,North,5,290.67,0.04,COD,7,2.7,1395.22
10749,1/19/2024,1675,Electronics,North,6,527.67,0.19,Wallet,10,2.6,2564.48
10750,1/20/2024,1393,Home,North,7,274.62,0.21,COD,3,1.5,1518.65
10751,1/21/2024,1868,Home,North,3,181.67,0.35,Card,4,3.5,354.26
10752,1/22/2024,1456,Clothing,West,6,539.17,0.34,Card,4,1.7,2135.11
10753,1/23/2024,1919,Electronics,West,1,519.02,0.34,COD,4,3.7,342.55
10754,1/24/2024,1191,Home,North,4,110.96,0.12,COD,9,4.9,390.58
10755,1/25/2024,1738,Clothing,South,3,30.19,0.35,COD,6,2,58.87
10756,1/26/2024,1688,Home,West,6,67.64,0.16,COD,10,1.6,340.91
10757,1/27/2024,1098,Home,South,1,182.63,0.3,Wallet,9,1.1,127.84
10758,1/28/2024,1547,Home,South,1,583.77,0.08,COD,4,2.5,537.07
10759,1/29/2024,1977,Clothing,East,7,341.73,0.18,Card,7,1.9,1961.53
10760,1/30/2024,1998,Electronics,East,7,233.36,0.34,Card,10,3,1078.12
10761,1/31/2024,1095,Home,North,4,534.9,0.33,COD,9,3.1,1433.53
10762,2/1/2024,1663,Clothing,South,1,280.08,0.24,Wallet,10,2.4,212.86
10763,2/2/2024,1662,Home,West,5,199.41,0.28,Card,3,4,717.88
10764,2/3/2024,1189,Electronics,East,1,565.61,0.06,Wallet,3,4.6,531.67
10765,2/4/2024,1735,Electronics,East,6,511.97,0.25,Wallet,6,1.8,2303.87
10766,2/5/2024,1036,Beauty,South,7,508.55,0.22,COD,8,4.3,2776.68
10767,2/6/2024,1779,Home,East,5,314.69,0.03,Card,1,1.5,1526.25
10768,2/7/2024,1368,Beauty,East,7,476.82,0.04,Card,4,1.9,3204.23
10769,2/8/2024,1694,Home,West,7,119.92,0.04,Card,8,3.2,805.86
10770,2/9/2024,1524,Clothing,South,7,350.34,0.25,Card,6,2.2,1839.28
10771,2/10/2024,1278,Home,East,1,590.55,0.05,COD,2,1.2,561.02
10772,2/11/2024,1216,Beauty,South,2,185.21,0.16,Card,8,2.2,311.15
10773,2/12/2024,1866,Clothing,East,1,479.7,0.12,COD,1,4.6,422.14
10774,2/13/2024,1872,Clothing,West,7,301.93,0.19,Card,1,1.7,1711.94
10775,2/14/2024,1797,Electronics,South,5,38.29,0.25,Card,7,4.1,143.59
10776,2/15/2024,1272,Clothing,East,1,461.37,0.24,COD,10,3.9,350.64
10777,2/16/2024,1880,Home,West,7,113.61,0.18,Wallet,3,1.4,652.12
10778,2/17/2024,1061,Electronics,East,7,384.41,0.16,COD,8,2.3,2260.33
10779,2/18/2024,1595,Electronics,South,1,65.11,0.14,COD,9,1.8,55.99
10780,2/19/2024,1879,Electronics,East,1,568.92,0.3,COD,8,1.1,398.24
10781,2/20/2024,1728,Electronics,South,5,185.66,0.12,COD,1,1.7,816.9
10782,2/21/2024,1341,Electronics,South,1,147.48,0.09,Wallet,1,1.8,134.21
10783,2/22/2024,1396,Clothing,East,4,90.54,0.26,Card,6,1.7,268
10784,2/23/2024,1698,Beauty,West,6,568.41,0.13,Wallet,1,1.4,2967.1
10785,2/24/2024,1018,Clothing,North,4,431.46,0.3,Card,8,3.1,1208.09
10786,2/25/2024,1176,Electronics,West,5,448.87,0.11,Wallet,6,2.3,1997.47
10787,2/26/2024,1611,Electronics,West,2,307.15,0.25,Card,5,4.6,460.72
10788,2/27/2024,1395,Home,East,4,292.72,0.02,Wallet,6,1.7,1147.46
10789,2/28/2024,1444,Clothing,West,7,79.36,0.13,Wallet,4,3.4,483.3
10790,2/29/2024,1232,Home,West,6,342.51,0.12,Card,1,4.6,1808.45
10791,3/1/2024,1914,Home,North,3,159.45,0.29,Wallet,7,1.2,339.63
10792,3/2/2024,1075,Home,West,6,586.63,0.34,Card,10,3.1,2323.05
10793,3/3/2024,1264,Electronics,North,4,481,0.16,Card,9,2.8,1616.16
10794,3/4/2024,1454,Home,East,3,256.6,0.29,Card,4,4.7,546.56
10795,3/5/2024,1795,Electronics,North,5,103.53,0.24,Wallet,4,3.7,393.41
10796,3/6/2024,1717,Beauty,South,6,474.42,0.34,COD,9,2.4,1878.7
10797,3/7/2024,1734,Clothing,South,2,86.4,0.28,COD,4,3.8,124.42
10798,3/8/2024,1383,Electronics,North,3,125.76,0.03,COD,10,3.3,365.96
10799,3/9/2024,1563,Electronics,South,3,138.74,0.25,Wallet,4,2.4,312.17
10800,3/10/2024,1850,Electronics,East,6,340.78,0.19,COD,8,4.1,1656.19
10801,3/11/2024,1505,Home,South,4,475.43,0.01,Card,11,3.7,1882.7
10802,3/12/2024,1366,Electronics,North,3,198.87,0.09,Card,4,1,542.92
10803,3/13/2024,1143,Clothing,East,5,64.53,0.32,Card,9,4.5,219.4
10804,3/14/2024,1884,Electronics,South,6,286.76,0.32,COD,11,2.6,1169.98
10805,3/15/2024,1068,Home,East,5,452.64,0.28,Card,8,3.6,1629.5
10806,3/16/2024,1098,Home,North,6,144.67,0.34,Card,5,2.6,572.89
10807,3/17/2024,1395,Home,South,5,143.66,0.28,Wallet,9,4.5,517.18
10808,3/18/2024,1024,Home,East,4,569.13,0,Card,8,3.6,2276.52
10809,3/19/2024,1947,Electronics,East,6,573.18,0.1,COD,10,3.3,3095.17
10810,3/20/2024,1890,Electronics,South,7,594.42,0.01,Card,4,4.9,4119.33
10811,3/21/2024,1468,Home,East,2,487.48,0.03,Card,4,2.1,945.71
10812,3/22/2024,1483,Clothing,East,4,125.09,0.08,Card,1,1.3,460.33
10813,3/23/2024,1564,Clothing,North,5,139.01,0.18,Card,4,3.1,569.94
10814,3/24/2024,1150,Electronics,North,6,214.03,0.3,Wallet,8,2.7,898.93
10815,3/25/2024,1143,Electronics,North,4,201.11,0.3,Card,5,2.8,563.11
10816,3/26/2024,1568,Electronics,North,5,574.57,0.22,Card,6,3.5,2240.82
10817,3/27/2024,1038,Beauty,North,1,476.61,0.32,COD,4,3.5,324.09
10818,3/28/2024,1108,Electronics,North,1,438.55,0.18,COD,5,2.6,359.61
10819,3/29/2024,1692,Clothing,South,3,123.79,0.31,COD,10,4.5,256.25
10820,3/30/2024,1041,Electronics,North,2,547.07,0.16,Wallet,8,3.6,919.08
10821,3/31/2024,1185,Home,East,1,499.3,0.1,COD,9,4.6,449.37
10822,4/1/2024,1934,Electronics,South,7,110.73,0.32,Card,3,4.7,527.07
10823,4/2/2024,1397,Beauty,East,5,524.63,0.14,Wallet,10,1.7,2255.91
10824,4/3/2024,1222,Beauty,North,4,174.26,0.18,COD,4,3.7,571.57
10825,4/4/2024,1633,Electronics,North,6,62.31,0.12,Card,1,2.3,329
10826,4/5/2024,1132,Beauty,East,4,399.24,0.23,Card,11,4.3,1229.66
10827,4/6/2024,1162,Beauty,East,3,397.48,0.35,Card,5,3.9,775.09
10828,4/7/2024,1214,Home,East,4,70.54,0.01,Card,4,1.8,279.34
10829,4/8/2024,1732,Home,West,1,201.53,0.31,Card,6,4.8,139.06
10830,4/9/2024,1234,Electronics,West,4,595.8,0,Card,6,3.7,2383.2
10831,4/10/2024,1842,Clothing,West,1,411.88,0.13,Wallet,10,4.8,358.34
10832,4/11/2024,1657,Electronics,West,1,442.09,0.06,Wallet,6,1.8,415.56
10833,4/12/2024,1750,Electronics,South,2,139.56,0.27,COD,3,4.5,203.76
10834,4/13/2024,1587,Beauty,North,3,61.09,0.02,Wallet,7,3.7,179.6
10835,4/14/2024,1008,Electronics,East,7,176.99,0.19,Card,3,3.2,1003.53
10836,4/15/2024,1073,Home,North,7,160.61,0.1,Wallet,6,4.3,1011.84
10837,4/16/2024,1953,Home,East,5,152.21,0.05,COD,10,3.5,723
10838,4/17/2024,1491,Beauty,North,7,127.76,0.27,Card,1,3.7,652.85
10839,4/18/2024,1912,Beauty,South,1,351.23,0.08,Card,8,2,323.13
10840,4/19/2024,1252,Electronics,West,6,206.94,0.08,Card,7,4.3,1142.31
10841,4/20/2024,1229,Electronics,North,3,494.9,0.1,Card,9,3.6,1336.23
10842,4/21/2024,1518,Clothing,East,5,122.61,0.21,Card,3,4.4,484.31
10843,4/22/2024,1173,Electronics,North,7,286.81,0.23,Card,8,2.4,1545.91
10844,4/23/2024,1652,Electronics,South,7,22.99,0.01,Card,2,2.3,159.32
10845,4/24/2024,1167,Clothing,South,6,296.78,0.08,Card,9,1.1,1638.23
10846,4/25/2024,1169,Home,North,4,47.67,0.15,Wallet,1,4.1,162.08
10847,4/26/2024,1392,Clothing,West,3,586.97,0.12,Card,10,2.3,1549.6
10848,4/27/2024,1945,Electronics,East,6,477.5,0.31,Card,7,2.3,1976.85
10849,4/28/2024,1794,Home,South,7,301.72,0.28,COD,10,3.8,1520.67
10850,4/29/2024,1633,Electronics,South,3,65.65,0.22,Wallet,1,2,153.62
10851,4/30/2024,1193,Electronics,North,3,361.58,0.12,Card,6,4.6,954.57
10852,5/1/2024,1516,Home,South,7,458.88,0.25,Wallet,1,3.2,2409.12
10853,5/2/2024,1028,Clothing,South,4,126.57,0.3,Card,4,4.9,354.4
10854,5/3/2024,1164,Home,East,4,347.4,0.21,Card,7,1.3,1097.78
10855,5/4/2024,1421,Electronics,West,7,491.31,0.27,Card,2,2.3,2510.59
10856,5/5/2024,1338,Home,East,3,464.42,0.26,COD,3,2.5,1031.01
10857,5/6/2024,1647,Clothing,West,6,484.75,0.2,Card,4,3.9,2326.8
10858,5/7/2024,1495,Clothing,East,2,529.4,0.11,COD,6,1.9,942.33
10859,5/8/2024,1364,Clothing,North,1,563.54,0.26,Card,9,2.5,417.02
10860,5/9/2024,1832,Beauty,South,4,252.23,0.07,COD,4,4.6,938.3
10861,5/10/2024,1341,Clothing,West,7,347.73,0.27,Card,6,1.5,1776.9
10862,5/11/2024,1499,Clothing,North,2,477.54,0.28,COD,7,4,687.66
10863,5/12/2024,1656,Beauty,South,4,422.83,0.29,COD,4,3.8,1200.84
10864,5/13/2024,1510,Home,South,3,597.38,0.17,COD,6,1.5,1487.48
10865,5/14/2024,1326,Clothing,South,7,23,0.07,Card,3,3.8,149.73
10866,5/15/2024,1216,Home,East,2,222.75,0.03,Wallet,5,3.3,432.14
10867,5/16/2024,1300,Clothing,North,7,179.4,0.26,COD,11,2.2,929.29
10868,5/17/2024,1131,Electronics,North,6,168.45,0.31,Card,10,2.2,697.38
10869,5/18/2024,1803,Clothing,South,6,145.18,0.23,Wallet,4,4.3,670.73
10870,5/19/2024,1069,Beauty,West,5,429.84,0.05,COD,7,1.9,2041.74
10871,5/20/2024,1251,Beauty,North,1,64.58,0.33,COD,6,3.1,43.27
10872,5/21/2024,1414,Electronics,East,1,448.84,0.35,Card,7,3.7,291.75
10873,5/22/2024,1786,Clothing,West,4,420.65,0.15,COD,6,1.5,1430.21
10874,5/23/2024,1444,Electronics,West,1,161.72,0.21,Card,2,4.7,127.76
10875,5/24/2024,1875,Beauty,West,7,162.91,0.27,Card,7,2,832.47
10876,5/25/2024,1181,Beauty,West,7,382.88,0.26,Card,8,2.3,1983.32
10877,5/26/2024,1166,Clothing,North,5,460.87,0.34,COD,7,3.7,1520.87
10878,5/27/2024,1090,Home,South,6,527.74,0.04,Card,4,1.3,3039.78
10879,5/28/2024,1713,Home,West,2,513.5,0.2,Wallet,4,3.5,821.6
10880,5/29/2024,1857,Clothing,East,2,579.46,0.24,Card,5,4.7,880.78
10881,5/30/2024,1530,Electronics,East,6,355.11,0.31,Card,9,2,1470.16
10882,5/31/2024,1038,Clothing,South,3,546.56,0.31,COD,5,2.4,1131.38
10883,6/1/2024,1125,Home,North,6,487.98,0.34,COD,2,1.9,1932.4
10884,6/2/2024,1450,Home,South,2,538.38,0.18,Card,5,4.3,882.94
10885,6/3/2024,1172,Clothing,West,4,21.8,0.29,Card,3,1.7,61.91
10886,6/4/2024,1652,Beauty,North,5,580.05,0.15,Card,10,2.4,2465.21
10887,6/5/2024,1753,Electronics,North,6,292.02,0.15,COD,8,3.4,1489.3
10888,6/6/2024,1219,Clothing,West,3,481.94,0.09,Card,10,2.6,1315.7
10889,6/7/2024,1637,Home,East,4,89.41,0.29,COD,10,1.3,253.92
10890,6/8/2024,1057,Home,West,6,246.63,0.35,COD,2,4.8,961.86
10891,6/9/2024,1659,Clothing,South,4,173.8,0.09,Card,11,2.4,632.63
10892,6/10/2024,1475,Electronics,West,6,185.62,0.02,Card,4,2.8,1091.45
10893,6/11/2024,1455,Electronics,East,4,87.1,0.29,Card,5,1.7,247.36
10894,6/12/2024,1828,Clothing,West,7,486.37,0.22,Card,4,4.5,2655.58
10895,6/13/2024,1894,Clothing,South,1,20.41,0.34,COD,5,2.2,13.47
10896,6/14/2024,1360,Electronics,South,4,197.82,0.09,COD,10,1.1,720.06
10897,6/15/2024,1934,Home,East,7,117.03,0.02,COD,11,2.3,802.83
10898,6/16/2024,1000,Clothing,South,1,359.59,0.17,Card,4,4.9,298.46
10899,6/17/2024,1386,Home,South,2,163.74,0.03,Wallet,3,1.6,317.66
10900,6/18/2024,1972,Home,West,1,166.51,0.09,Card,1,1.1,151.52
10901,6/19/2024,1347,Electronics,North,4,300.68,0.04,Card,4,3.3,1154.61
10902,6/20/2024,1189,Electronics,South,5,396.82,0.08,COD,9,2.5,1825.37
10903,6/21/2024,1504,Home,South,5,85.96,0.04,Wallet,1,4.2,412.61
10904,6/22/2024,1190,Clothing,East,2,117.67,0.33,Card,7,3.9,157.68
10905,6/23/2024,1507,Home,East,4,159.6,0.1,COD,3,1.7,574.56
10906,6/24/2024,1368,Home,West,1,584.64,0.16,Wallet,8,3.3,491.1
10907,6/25/2024,1408,Home,West,5,247.33,0.31,COD,6,1.1,853.29
10908,6/26/2024,1823,Beauty,South,6,365.41,0.24,Card,1,2.8,1666.27
10909,6/27/2024,1928,Clothing,North,3,156.3,0.22,Wallet,10,3.9,365.74
10910,6/28/2024,1933,Clothing,North,4,301.92,0.25,COD,5,2.7,905.76
10911,6/29/2024,1116,Clothing,West,7,58.36,0.29,COD,8,1.5,290.05
10912,6/30/2024,1133,Electronics,East,7,35.32,0.31,COD,11,1.2,170.6
10913,7/1/2024,1057,Clothing,South,6,289.21,0.22,Wallet,3,4.4,1353.5
10914,7/2/2024,1555,Electronics,South,6,248.22,0.31,Card,4,4.6,1027.63
10915,7/3/2024,1684,Beauty,North,4,95.07,0.19,Card,7,2.4,308.03
10916,7/4/2024,1671,Clothing,West,3,417.25,0.1,COD,11,1.7,1126.58
10917,7/5/2024,1172,Clothing,North,5,595.85,0.31,Card,6,4.9,2055.68
10918,7/6/2024,1828,Clothing,North,3,246.45,0.19,Card,7,3.2,598.87
10919,7/7/2024,1814,Electronics,West,2,380.37,0.32,COD,9,2.9,517.3
10920,7/8/2024,1148,Electronics,East,1,578.34,0.01,Card,9,4,572.56
10921,7/9/2024,1079,Clothing,South,1,501.45,0.14,COD,2,1.7,431.25
10922,7/10/2024,1885,Electronics,East,6,286.18,0.33,Wallet,3,3.3,1150.44
10923,7/11/2024,1212,Clothing,West,5,446.43,0.09,Card,4,4.6,2031.26
10924,7/12/2024,1202,Beauty,West,3,89.96,0.33,Wallet,6,1.1,180.82
10925,7/13/2024,1763,Beauty,South,6,314.58,0.33,Card,5,3.7,1264.61
10926,7/14/2024,1228,Home,East,4,178.25,0.31,Wallet,6,3.2,491.97
10927,7/15/2024,1675,Electronics,South,6,109.28,0.2,Wallet,11,4.8,524.54
10928,7/16/2024,1226,Beauty,North,4,264.37,0.23,Card,8,2,814.26
10929,7/17/2024,1658,Beauty,North,4,91.64,0.3,Card,2,4.4,256.59
10930,7/18/2024,1531,Electronics,North,2,423.91,0.27,Card,6,2.2,618.91
10931,7/19/2024,1440,Home,East,2,281.9,0.22,Wallet,9,2.7,439.76
10932,7/20/2024,1401,Electronics,North,4,325.72,0.34,Wallet,5,1.9,859.9
10933,7/21/2024,1046,Home,South,5,100.63,0.24,Card,1,4.5,382.39
10934,7/22/2024,1232,Beauty,East,2,96.77,0.34,COD,8,1.8,127.74
10935,7/23/2024,1304,Electronics,South,2,356.3,0.02,Card,4,4.4,698.35
10936,7/24/2024,1525,Beauty,West,1,591.23,0.05,COD,8,2.8,561.67
10937,7/25/2024,1142,Clothing,East,6,71.31,0.16,Wallet,4,4.3,359.4
10938,7/26/2024,1414,Beauty,South,1,182.15,0.13,Card,11,2.1,158.47
10939,7/27/2024,1512,Clothing,South,5,523.63,0.27,Wallet,8,1.5,1911.25
10940,7/28/2024,1372,Home,East,2,57.28,0.06,Wallet,9,3.2,107.69
10941,7/29/2024,1565,Electronics,West,7,527.39,0.34,Wallet,5,3,2436.54
10942,7/30/2024,1885,Electronics,East,2,321.71,0.11,Card,5,2.4,572.64
10943,7/31/2024,1258,Electronics,North,3,253.84,0.15,Card,2,3.7,647.29
10944,8/1/2024,1655,Beauty,North,5,196.16,0.1,Card,9,1.4,882.72
10945,8/2/2024,1470,Home,West,7,188.81,0.2,COD,11,3.5,1057.34
10946,8/3/2024,1952,Beauty,South,6,193.89,0.02,COD,4,1.8,1140.07
10947,8/4/2024,1970,Beauty,South,6,532.61,0.05,Card,3,1.5,3035.88
10948,8/5/2024,1011,Electronics,South,7,438.42,0.26,COD,2,4.6,2271.02
10949,8/6/2024,1329,Clothing,East,6,406.79,0.07,Card,3,2.8,2269.89
10950,8/7/2024,1735,Electronics,East,7,482.27,0.08,Card,4,4.1,3105.82
10951,8/8/2024,1783,Electronics,West,5,165.41,0.28,Card,9,1.4,595.48
10952,8/9/2024,1967,Electronics,North,7,376.56,0.03,Card,6,1.2,2556.84
10953,8/10/2024,1357,Clothing,South,7,284.14,0.15,Card,10,3,1690.63
10954,8/11/2024,1971,Electronics,North,3,472.73,0.01,Card,5,2.3,1404.01
10955,8/12/2024,1407,Electronics,East,3,195.91,0.12,Wallet,9,1,517.2
10956,8/13/2024,1667,Electronics,East,1,391.26,0.24,COD,8,1.7,297.36
10957,8/14/2024,1372,Electronics,East,5,531.09,0.03,Card,6,1.9,2575.79
10958,8/15/2024,1007,Beauty,North,5,250.26,0.31,COD,3,2.2,863.4
10959,8/16/2024,1121,Home,West,3,53.97,0.32,COD,7,4.5,110.1
10960,8/17/2024,1347,Beauty,West,4,316.89,0.04,Card,10,2.7,1216.86
10961,8/18/2024,1675,Clothing,East,4,217.39,0.35,COD,6,3.7,565.21
10962,8/19/2024,1089,Electronics,South,1,408.25,0.1,COD,11,1.1,367.42
10963,8/20/2024,1647,Home,North,4,571.35,0.03,COD,8,4.3,2216.84
10964,8/21/2024,1697,Electronics,East,4,299.08,0,COD,6,2,1196.32
10965,8/22/2024,1315,Electronics,North,4,287.72,0.14,COD,11,2.2,989.76
10966,8/23/2024,1177,Electronics,North,2,397.93,0.22,Card,10,1.2,620.77
10967,8/24/2024,1539,Electronics,West,1,75.55,0.12,Wallet,4,2.6,66.48
10968,8/25/2024,1731,Electronics,East,3,163.3,0.29,Card,10,4.4,347.83
10969,8/26/2024,1868,Clothing,West,4,552.6,0.25,Wallet,7,2.5,1657.8
10970,8/27/2024,1040,Home,East,6,406.92,0.12,Card,7,4.6,2148.54
10971,8/28/2024,1739,Electronics,North,7,22.86,0.26,Card,11,4.5,118.41
10972,8/29/2024,1703,Electronics,West,2,134.71,0.33,COD,8,1.2,180.51
10973,8/30/2024,1922,Home,North,4,414.46,0.03,Card,2,2.2,1608.1
10974,8/31/2024,1501,Electronics,East,7,462.17,0.11,Wallet,11,4.6,2879.32
10975,9/1/2024,1958,Electronics,South,7,506.32,0.16,Card,6,1.1,2977.16
10976,9/2/2024,1144,Beauty,West,2,185.92,0.17,COD,3,4.1,308.63
10977,9/3/2024,1200,Electronics,West,1,559.65,0.19,Card,8,4.6,453.32
10978,9/4/2024,1928,Electronics,North,6,338.47,0.11,Card,4,4.1,1807.43
10979,9/5/2024,1723,Clothing,North,6,422.48,0.23,Card,4,4,1951.86
10980,9/6/2024,1460,Electronics,South,6,364.09,0.23,COD,2,4.4,1682.1
10981,9/7/2024,1731,Clothing,West,4,86.8,0.2,COD,6,3.7,277.76
10982,9/8/2024,1751,Home,East,2,578.42,0.04,COD,6,2.7,1110.57
10983,9/9/2024,1924,Electronics,East,6,86.88,0.17,Wallet,1,1.3,432.66
10984,9/10/2024,1908,Clothing,West,7,164.11,0.12,COD,8,4.2,1010.92
10985,9/11/2024,1557,Clothing,West,7,490.97,0.17,Wallet,3,4.6,2852.54
10986,9/12/2024,1546,Electronics,West,5,376.88,0.32,Card,1,3,1281.39
10987,9/13/2024,1252,Clothing,South,5,505.32,0.17,Card,10,3.1,2097.08
10988,9/14/2024,1389,Electronics,East,2,316.71,0,Card,1,2.6,633.42
10989,9/15/2024,1593,Clothing,East,4,235.54,0.15,Card,1,4.4,800.84
10990,9/16/2024,1882,Electronics,North,4,554.28,0.29,COD,5,1.1,1574.16
10991,9/17/2024,1255,Clothing,North,1,36.21,0.27,COD,5,3.5,26.43
10992,9/18/2024,1708,Electronics,West,1,515.84,0.18,COD,1,4.6,422.99
10993,9/19/2024,1814,Home,North,6,150.03,0.09,COD,5,1.4,819.16
10994,9/20/2024,1920,Electronics,South,3,511.51,0.16,Wallet,7,4.8,1289.01
10995,9/21/2024,1449,Clothing,East,7,96.43,0.2,Wallet,5,4.9,540.01
10996,9/22/2024,1009,Clothing,East,1,354.43,0.35,Card,9,4.7,230.38
10997,9/23/2024,1823,Home,North,4,534.54,0.23,Card,4,2.9,1646.38
10998,9/24/2024,1797,Clothing,West,7,292.02,0.24,Card,9,2.5,1553.55
10999,9/25/2024,1241,Home,North,3,451.74,0.17,Card,8,3.8,1124.83
11000,9/26/2024,1250,Home,West,1,485.73,0.12,COD,1,2.3,427.44
11001,9/27/2024,1876,Beauty,South,2,445.85,0.28,COD,4,1.3,642.02
11002,9/28/2024,1004,Electronics,East,5,556.32,0.17,Card,7,4.6,2308.73
11003,9/29/2024,1118,Clothing,South,1,276.4,0.35,COD,1,3.5,179.66
11004,9/30/2024,1800,Home,East,1,116.28,0.16,COD,8,1.8,97.68
11005,10/1/2024,1373,Beauty,South,2,42.97,0.02,Card,11,1.1,84.22
11006,10/2/2024,1064,Beauty,North,4,159.18,0.24,Card,2,3.9,483.91
11007,10/3/2024,1145,Clothing,South,6,98.77,0.02,Wallet,8,4.4,580.77
11008,10/4/2024,1223,Electronics,South,2,341.4,0.09,COD,11,2.6,621.35
11009,10/5/2024,1238,Clothing,North,6,123.19,0.12,Card,4,1.3,650.44
11010,10/6/2024,1176,Home,East,1,37.78,0.26,Card,8,3.6,27.96
11011,10/7/2024,1778,Clothing,East,4,36.05,0.17,Card,1,2.2,119.69
11012,10/8/2024,1852,Clothing,North,3,501.47,0.01,Card,5,1.6,1489.37
11013,10/9/2024,1281,Home,South,1,361,0.22,Wallet,9,3,281.58
11014,10/10/2024,1062,Clothing,South,2,224.48,0.14,Card,7,2.9,386.11
11015,10/11/2024,1216,Beauty,South,3,538.12,0.32,Card,3,3.1,1097.76
11016,10/12/2024,1853,Clothing,West,5,56.07,0.17,Card,4,4.3,232.69
11017,10/13/2024,1826,Electronics,East,3,588.49,0.25,COD,10,2.9,1324.1
11018,10/14/2024,1794,Clothing,South,2,375.53,0.08,Card,7,4.6,690.98
11019,10/15/2024,1688,Home,East,7,122.33,0.27,Card,6,4.4,625.11
11020,10/16/2024,1460,Electronics,South,3,412.26,0.25,COD,4,3.6,927.58
11021,10/17/2024,1928,Electronics,North,2,461.58,0.32,Card,3,1.2,627.75
11022,10/18/2024,1609,Beauty,North,7,266.17,0.01,Card,11,4.5,1844.56
11023,10/19/2024,1104,Electronics,East,1,519.06,0.16,Card,2,4.6,436.01
11024,10/20/2024,1098,Clothing,East,7,103.18,0.24,COD,10,2.5,548.92
11025,10/21/2024,1510,Clothing,North,4,178.12,0.03,Wallet,9,3.1,691.11
11026,10/22/2024,1384,Clothing,West,5,69.69,0.14,Card,3,2.1,299.67
11027,10/23/2024,1404,Clothing,North,7,138.36,0.33,Card,7,1.1,648.91
11028,10/24/2024,1822,Electronics,South,4,154.66,0.15,Card,1,2.9,525.84
11029,10/25/2024,1517,Clothing,West,4,551.82,0.34,COD,8,1.5,1456.8
11030,10/26/2024,1475,Clothing,North,4,60.69,0.02,COD,1,1.7,237.9
11031,10/27/2024,1976,Home,West,7,265.04,0.25,COD,2,2.9,1391.46
11032,10/28/2024,1708,Electronics,West,2,326.45,0.2,COD,1,4.5,522.32
11033,10/29/2024,1862,Clothing,West,2,540.74,0.18,Wallet,4,4.4,886.81
11034,10/30/2024,1644,Electronics,East,5,598.65,0.34,Wallet,2,4.9,1975.54
11035,10/31/2024,1869,Electronics,North,2,455.73,0.05,COD,1,2.9,865.89
11036,11/1/2024,1770,Electronics,East,6,582.91,0.31,COD,1,3.2,2413.25
11037,11/2/2024,1436,Electronics,East,2,475.45,0.24,Card,2,4.3,722.68
11038,11/3/2024,1022,Home,South,2,578.47,0.09,COD,6,3.8,1052.82
11039,11/4/2024,1996,Electronics,South,2,428.75,0.32,COD,2,1.7,583.1
11040,11/5/2024,1564,Beauty,West,1,61.66,0.15,COD,11,2.6,52.41
11041,11/6/2024,1676,Beauty,West,5,250.12,0.28,Card,2,4.7,900.43
11042,11/7/2024,1713,Clothing,South,6,393.26,0.14,COD,8,1.6,2029.22
11043,11/8/2024,1457,Electronics,South,2,220.17,0.3,COD,5,1.8,308.24
11044,11/9/2024,1082,Clothing,North,5,174.93,0.22,COD,8,2.6,682.23
11045,11/10/2024,1144,Home,West,3,352.78,0.05,Card,8,4.8,1005.42
11046,11/11/2024,1084,Clothing,West,1,561.1,0.23,Card,2,1.5,432.05
11047,11/12/2024,1077,Electronics,South,7,35.46,0.07,Card,7,3.7,230.84
11048,11/13/2024,1456,Clothing,North,2,465,0.14,Wallet,9,1.5,799.8
11049,11/14/2024,1877,Home,South,6,437.8,0.06,COD,8,3.1,2469.19
11050,11/15/2024,1000,Home,South,1,578.91,0.01,Card,9,3.1,573.12
11051,11/16/2024,1050,Electronics,East,6,559.47,0.07,Card,8,1.2,3121.84
11052,11/17/2024,1684,Home,West,7,460.91,0.19,COD,4,4.8,2613.36
11053,11/18/2024,1716,Electronics,North,7,319.44,0.17,Card,10,4.2,1855.95
11054,11/19/2024,1771,Electronics,East,1,134.5,0.18,Wallet,7,2.2,110.29
11055,11/20/2024,1445,Beauty,West,3,333.96,0.09,COD,9,1.5,911.71
11056,11/21/2024,1448,Electronics,South,5,462.73,0.24,Card,9,2.4,1758.37
11057,11/22/2024,1880,Electronics,North,1,538.97,0.25,COD,4,4.6,404.23
11058,11/23/2024,1487,Electronics,West,4,476.98,0.13,Card,7,1.5,1659.89
11059,11/24/2024,1799,Beauty,South,7,129.23,0.31,Wallet,6,2.4,624.18
11060,11/25/2024,1033,Home,East,3,365.82,0.23,Card,3,3,845.04
11061,11/26/2024,1347,Clothing,North,7,209.32,0.25,Wallet,10,1.1,1098.93
11062,11/27/2024,1094,Home,West,4,20.39,0.1,COD,6,2.1,73.4
11063,11/28/2024,1071,Electronics,East,3,132.13,0,Wallet,8,3.4,396.39
11064,11/29/2024,1550,Clothing,South,7,81.23,0.3,Card,2,2.3,398.03
11065,11/30/2024,1153,Clothing,South,4,507.99,0.29,Card,3,4.5,1442.69
11066,12/1/2024,1249,Electronics,West,4,166.23,0.04,COD,8,4.7,638.32
11067,12/2/2024,1673,Clothing,South,7,181.55,0.13,COD,4,2.8,1105.64
11068,12/3/2024,1437,Beauty,North,7,576.56,0.23,Card,4,3.1,3107.66
11069,12/4/2024,1117,Electronics,West,6,236.77,0.23,Card,2,3.5,1093.88
11070,12/5/2024,1770,Electronics,East,1,20.61,0.3,Card,11,3.7,14.43
11071,12/6/2024,1890,Electronics,West,1,181.05,0.05,COD,10,1.3,172
11072,12/7/2024,1305,Electronics,West,3,84.79,0.15,Card,1,1.2,216.21
11073,12/8/2024,1267,Beauty,East,5,75.14,0.03,Card,7,4.5,364.43
11074,12/9/2024,1960,Clothing,South,7,60.33,0.14,Card,4,1.9,363.19
11075,12/10/2024,1053,Clothing,East,6,362.06,0.01,Card,6,3.3,2150.64
11076,12/11/2024,1235,Home,North,1,125.77,0.31,Card,8,3.5,86.78
11077,12/12/2024,1388,Electronics,South,1,226.33,0.18,Wallet,11,1.7,185.59
11078,12/13/2024,1989,Clothing,West,6,519.28,0.3,Card,7,4,2180.98
11079,12/14/2024,1733,Clothing,South,2,263.24,0.02,Wallet,7,4.5,515.95
11080,12/15/2024,1762,Clothing,South,6,550.68,0.08,Card,6,2.1,3039.75
11081,12/16/2024,1824,Beauty,North,1,306.29,0.09,Card,11,4.5,278.72
11082,12/17/2024,1400,Home,South,5,248.32,0.14,Card,4,1.3,1067.78
11083,12/18/2024,1623,Clothing,South,2,453.98,0.28,COD,4,4.2,653.73
11084,12/19/2024,1766,Home,South,4,57.81,0.14,COD,9,3.6,198.87
11085,12/20/2024,1302,Electronics,West,6,67.34,0.07,COD,11,3.3,375.76
11086,12/21/2024,1918,Electronics,South,4,396.4,0.02,Card,5,1.9,1553.89
11087,12/22/2024,1206,Electronics,East,2,299.86,0.03,Wallet,9,2.4,581.73
11088,12/23/2024,1228,Electronics,South,2,477.39,0.27,Wallet,11,4.6,696.99
11089,12/24/2024,1852,Clothing,North,2,551.02,0.16,Card,9,2.9,925.71
11090,12/25/2024,1909,Clothing,South,3,242.19,0.25,COD,4,3.4,544.93
11091,12/26/2024,1577,Beauty,South,6,363.9,0.24,COD,2,4.7,1659.38
11092,12/27/2024,1074,Clothing,West,7,307.91,0.05,Card,2,2.9,2047.6
11093,12/28/2024,1434,Clothing,East,5,589.24,0.05,Card,9,2.6,2798.89
11094,12/29/2024,1102,Electronics,South,5,501.18,0.26,COD,9,4.6,1854.37
11095,12/30/2024,1421,Electronics,East,4,548.37,0.25,Wallet,3,4.6,1645.11
11096,12/31/2024,1703,Clothing,North,4,163.79,0.13,Card,5,2.4,569.99
11097,1/1/2025,1763,Clothing,West,7,466.93,0.03,COD,5,3.4,3170.45
11098,1/2/2025,1737,Home,East,4,170.3,0,Wallet,2,4.9,681.2
11099,1/3/2025,1805,Electronics,West,6,137.11,0.1,Card,2,1.2,740.39
11100,1/4/2025,1305,Electronics,South,1,567.4,0,Card,10,1.2,567.4
11101,1/5/2025,1097,Clothing,North,4,26.29,0.08,COD,1,3.1,96.75
11102,1/6/2025,1849,Electronics,West,2,579.75,0.15,Card,2,2.2,985.58
11103,1/7/2025,1797,Electronics,South,4,102.32,0.04,Card,11,3.3,392.91
11104,1/8/2025,1334,Home,East,2,494.37,0.04,Card,7,3.9,949.19
11105,1/9/2025,1858,Electronics,North,3,176.41,0.31,Card,1,1.3,365.17
11106,1/10/2025,1434,Clothing,North,1,220.16,0.2,Wallet,1,4.5,176.13
11107,1/11/2025,1446,Electronics,East,1,141.8,0.33,COD,9,2.1,95.01
11108,1/12/2025,1993,Electronics,East,7,357.53,0.12,Card,2,2.5,2202.38
11109,1/13/2025,1307,Clothing,North,6,218.64,0.24,COD,11,2.3,997
11110,1/14/2025,1248,Home,West,6,399.57,0.07,Wallet,4,4.4,2229.6
11111,1/15/2025,1165,Clothing,North,5,24.15,0.22,Card,11,1.7,94.18
11112,1/16/2025,1480,Home,East,3,52.66,0.05,Card,3,1.1,150.08
11113,1/17/2025,1983,Electronics,West,7,73.3,0,Wallet,11,4.9,513.1
11114,1/18/2025,1334,Home,South,6,260.11,0.33,Wallet,4,4.9,1045.64
11115,1/19/2025,1541,Electronics,North,2,491.66,0.19,Card,11,2,796.49
11116,1/20/2025,1758,Home,East,3,534.58,0.32,Card,11,1,1090.54
11117,1/21/2025,1105,Clothing,South,1,158.21,0.12,Card,7,3.6,139.22
11118,1/22/2025,1562,Beauty,North,2,351.01,0.11,Card,10,3.6,624.8
11119,1/23/2025,1080,Clothing,North,7,464.49,0.14,COD,2,4.8,2796.23
11120,1/24/2025,1132,Electronics,West,7,183.97,0.25,Card,2,2.2,965.84
11121,1/25/2025,1796,Electronics,East,3,254.27,0.2,Card,9,1.8,610.25
11122,1/26/2025,1899,Home,South,1,321.52,0.32,COD,6,3.5,218.63
11123,1/27/2025,1137,Clothing,North,6,93.9,0.01,Wallet,11,3.3,557.77
11124,1/28/2025,1183,Home,West,2,30.2,0.25,Card,7,3.9,45.3
11125,1/29/2025,1400,Electronics,South,2,104.39,0.12,Card,5,4.5,183.73
11126,1/30/2025,1329,Electronics,South,1,381.71,0.06,Wallet,5,3.2,358.81
11127,1/31/2025,1784,Electronics,North,2,58.07,0.18,COD,4,1.6,95.23
11128,2/1/2025,1507,Beauty,South,6,125.97,0.18,Card,8,3.4,619.77
11129,2/2/2025,1851,Home,North,6,212.64,0.05,Card,7,2.5,1212.05
11130,2/3/2025,1983,Beauty,West,6,60.55,0.07,Card,10,2.8,337.87
11131,2/4/2025,1068,Electronics,West,1,127.14,0.14,COD,2,4.8,109.34
11132,2/5/2025,1545,Clothing,South,4,548.09,0.14,Card,2,3.2,1885.43
11133,2/6/2025,1773,Home,North,4,26.29,0.11,Card,6,1.6,93.59
11134,2/7/2025,1052,Electronics,East,7,397.26,0.05,Card,11,2.8,2641.78
11135,2/8/2025,1449,Home,West,7,239.88,0,Card,1,1.9,1679.16
11136,2/9/2025,1204,Beauty,North,2,408.5,0.34,COD,7,1.5,539.22
11137,2/10/2025,1125,Beauty,North,6,359.38,0.33,Card,8,3.8,1444.71
11138,2/11/2025,1746,Home,North,2,145.75,0.17,Card,10,3.5,241.94
11139,2/12/2025,1042,Electronics,South,1,510.62,0.35,Wallet,8,3,331.9
11140,2/13/2025,1751,Electronics,East,2,302.79,0.24,COD,3,2.7,460.24
11141,2/14/2025,1970,Beauty,South,5,496.18,0.02,Card,7,2.3,2431.28
11142,2/15/2025,1882,Electronics,West,4,252.52,0.04,COD,1,1.4,969.68
11143,2/16/2025,1110,Home,South,2,591.04,0.32,Card,11,2.2,803.81
11144,2/17/2025,1760,Home,North,2,465.74,0.22,COD,3,4.4,726.55
11145,2/18/2025,1662,Clothing,South,3,580.08,0.3,COD,6,4.1,1218.17
11146,2/19/2025,1182,Beauty,North,2,315.88,0.31,COD,9,4.9,435.91
11147,2/20/2025,1847,Electronics,East,5,292.11,0.16,COD,5,3.6,1226.86
11148,2/21/2025,1094,Electronics,South,4,456.94,0.02,Card,5,3.2,1791.2
11149,2/22/2025,1970,Electronics,South,3,529.97,0.07,COD,9,2.2,1478.62
11150,2/23/2025,1373,Clothing,South,1,579.03,0.02,Card,9,1.3,567.45
11151,2/24/2025,1911,Electronics,North,7,204.86,0.07,Card,6,3.5,1333.64
11152,2/25/2025,1519,Electronics,North,1,482.24,0.14,Wallet,5,3,414.73
11153,2/26/2025,1899,Home,South,4,138.23,0.04,COD,10,4,530.8
11154,2/27/2025,1359,Beauty,South,7,334.16,0.06,Wallet,2,2.6,2198.77
11155,2/28/2025,1899,Electronics,East,1,120.21,0.16,Card,11,4.9,100.98
11156,3/1/2025,1695,Clothing,East,5,218.23,0.12,COD,8,2.6,960.21
11157,3/2/2025,1280,Beauty,West,2,559.84,0.16,Card,8,2.3,940.53
11158,3/3/2025,1194,Electronics,East,4,100.46,0.15,COD,7,4.5,341.56
11159,3/4/2025,1863,Electronics,East,7,384.95,0.23,Card,8,2.6,2074.88
11160,3/5/2025,1194,Electronics,East,3,361.88,0.33,Card,3,4.5,727.38
11161,3/6/2025,1666,Clothing,North,2,85.63,0.04,Card,3,1.1,164.41
11162,3/7/2025,1092,Electronics,East,1,205.7,0.03,COD,2,3.8,199.53
11163,3/8/2025,1671,Beauty,East,1,344.34,0.3,Card,1,1.3,241.04
11164,3/9/2025,1945,Clothing,South,3,124.5,0.18,Wallet,3,1.6,306.27
11165,3/10/2025,1060,Clothing,North,5,483.36,0.27,Card,3,3.8,1764.26
11166,3/11/2025,1633,Electronics,West,3,583.71,0.08,Card,7,2.2,1611.04
11167,3/12/2025,1050,Clothing,West,4,140.63,0.29,Card,10,1.8,399.39
11168,3/13/2025,1402,Home,East,3,124.34,0.32,Wallet,9,4.2,253.65
11169,3/14/2025,1788,Home,West,1,281.14,0.22,Card,1,4.8,219.29
11170,3/15/2025,1004,Home,West,5,452.44,0.04,Card,8,1.9,2171.71
11171,3/16/2025,1465,Clothing,West,5,179.74,0.31,COD,1,2.3,620.1
11172,3/17/2025,1603,Beauty,East,6,26.63,0.28,Card,3,3.9,115.04
11173,3/18/2025,1681,Home,West,3,331.61,0.26,COD,4,4.3,736.17
11174,3/19/2025,1828,Home,East,4,574.61,0.01,Card,11,5,2275.46
11175,3/20/2025,1533,Electronics,South,1,243.9,0.28,COD,8,2.1,175.61
11176,3/21/2025,1404,Electronics,South,2,260.78,0.05,Card,1,3.2,495.48
11177,3/22/2025,1837,Electronics,West,5,581.81,0.08,COD,2,1.5,2676.33
11178,3/23/2025,1512,Home,South,3,421.35,0.2,COD,11,2.3,1011.24
11179,3/24/2025,1644,Clothing,East,6,435.72,0.09,COD,5,1.2,2379.03
11180,3/25/2025,1232,Clothing,South,4,344.18,0.23,COD,6,1.8,1060.07
11181,3/26/2025,1523,Beauty,West,4,585.15,0.21,Wallet,5,3,1849.07
11182,3/27/2025,1345,Beauty,East,7,417.99,0.04,Card,3,1.7,2808.89
11183,3/28/2025,1045,Beauty,North,1,538.59,0.23,Card,10,4.6,414.71
11184,3/29/2025,1545,Electronics,East,5,424.14,0.32,COD,7,3.8,1442.08
11185,3/30/2025,1944,Home,South,1,445.04,0.06,COD,1,1.1,418.34
11186,3/31/2025,1077,Electronics,North,6,184.89,0.21,Card,2,4.5,876.38
11187,4/1/2025,1729,Electronics,East,2,192.54,0.12,COD,11,4.9,338.87
11188,4/2/2025,1812,Electronics,North,2,473.05,0.16,Card,9,3,794.72
11189,4/3/2025,1922,Electronics,North,2,188.57,0.1,COD,4,2.3,339.43
11190,4/4/2025,1072,Clothing,North,4,344.22,0.12,Wallet,8,2.1,1211.65
11191,4/5/2025,1793,Home,East,5,160.87,0.01,COD,9,1.3,796.31
11192,4/6/2025,1248,Electronics,South,1,492.94,0.34,Card,7,3,325.34
11193,4/7/2025,1046,Home,East,1,79.64,0.22,COD,1,1.2,62.12
11194,4/8/2025,1120,Clothing,South,6,500.23,0.18,COD,5,3,2461.13
11195,4/9/2025,1213,Electronics,East,2,367.6,0.13,Card,6,2,639.62
11196,4/10/2025,1238,Clothing,East,5,124.34,0.19,COD,11,2.9,503.58
11197,4/11/2025,1055,Electronics,East,5,332.09,0.13,Wallet,8,2.7,1444.59
11198,4/12/2025,1349,Clothing,South,6,180.26,0.13,Card,10,2.2,940.96
11199,4/13/2025,1106,Clothing,East,3,204.23,0.16,Card,8,2.8,514.66
11200,4/14/2025,1830,Electronics,North,5,220.64,0.1,Card,9,2.9,992.88
11201,4/15/2025,1047,Electronics,East,5,52.04,0.06,COD,9,4.3,244.59
11202,4/16/2025,1572,Clothing,North,1,591.79,0.19,Wallet,4,3.7,479.35
11203,4/17/2025,1336,Beauty,West,6,33.45,0.29,COD,6,2.7,142.5
11204,4/18/2025,1025,Electronics,West,5,402.56,0.05,Card,3,4.6,1912.16
11205,4/19/2025,1803,Home,South,5,232.17,0.01,COD,1,4,1149.24
11206,4/20/2025,1256,Home,South,1,392.92,0.09,COD,6,1.3,357.56
11207,4/21/2025,1007,Beauty,West,5,223.41,0.34,COD,1,1.6,737.25
11208,4/22/2025,1624,Home,East,1,409.14,0.29,Card,9,1.3,290.49
11209,4/23/2025,1866,Clothing,East,3,441.6,0.21,COD,11,2.3,1046.59
11210,4/24/2025,1252,Home,East,4,418.97,0.33,Card,6,2.7,1122.84
11211,4/25/2025,1691,Beauty,West,7,81.67,0.16,Card,1,3,480.22
11212,4/26/2025,1718,Clothing,North,1,399.28,0.34,COD,11,4.4,263.52
11213,4/27/2025,1302,Electronics,South,1,178.79,0.1,Wallet,3,1.1,160.91
11214,4/28/2025,1638,Electronics,North,5,31.85,0.08,Card,1,2.7,146.51
11215,4/29/2025,1055,Home,West,1,257.68,0.22,Wallet,2,2.6,200.99
11216,4/30/2025,1725,Home,North,6,268.62,0.13,Card,6,4.8,1402.2
11217,5/1/2025,1525,Electronics,East,2,288.3,0.22,COD,7,2,449.75
11218,5/2/2025,1473,Clothing,East,2,427.32,0.11,Card,1,1.5,760.63
11219,5/3/2025,1027,Clothing,North,3,195.67,0.22,Card,10,1.6,457.87
11220,5/4/2025,1982,Electronics,West,1,199.44,0.1,COD,5,3.1,179.5
11221,5/5/2025,1077,Beauty,North,6,50.42,0.02,COD,6,2.6,296.47
11222,5/6/2025,1215,Electronics,East,5,416.79,0.32,COD,4,4,1417.09
11223,5/7/2025,1385,Electronics,East,5,347.18,0.31,COD,6,2.3,1197.77
11224,5/8/2025,1364,Clothing,West,7,219.41,0.34,COD,5,1.5,1013.67
11225,5/9/2025,1665,Home,North,4,427.54,0.25,Wallet,11,2.5,1282.62
11226,5/10/2025,1525,Electronics,East,3,329.35,0.24,COD,7,4.5,750.92
11227,5/11/2025,1698,Home,East,6,289.51,0.2,Card,4,2.6,1389.65
11228,5/12/2025,1311,Clothing,North,6,314.12,0.04,Card,1,4.3,1809.33
11229,5/13/2025,1882,Electronics,North,7,387.26,0.07,Card,2,2.5,2521.06
11230,5/14/2025,1006,Electronics,South,7,401.1,0.1,COD,6,2.1,2526.93
11231,5/15/2025,1002,Clothing,West,5,184.04,0.31,Card,10,4.1,634.94
11232,5/16/2025,1622,Electronics,West,4,97.33,0.06,Card,11,1.8,365.96
11233,5/17/2025,1918,Beauty,North,5,106.63,0.32,Card,2,1.9,362.54
11234,5/18/2025,1749,Home,West,4,389.04,0.18,COD,5,1.2,1276.05
11235,5/19/2025,1362,Beauty,East,2,525.63,0.25,Card,4,1.8,788.44
11236,5/20/2025,1750,Electronics,North,6,254.56,0.04,Card,7,2.5,1466.27
11237,5/21/2025,1507,Beauty,North,7,114.17,0.09,COD,4,2.6,727.26
11238,5/22/2025,1273,Clothing,North,2,457.61,0.34,COD,7,2.7,604.05
11239,5/23/2025,1505,Electronics,South,5,502.01,0.09,Card,11,2.9,2284.15
11240,5/24/2025,1805,Electronics,West,3,530.14,0.1,COD,8,3.3,1431.38
11241,5/25/2025,1738,Electronics,South,1,370,0.07,Card,7,1.8,344.1
11242,5/26/2025,1882,Home,East,3,518.53,0.05,Wallet,2,3.5,1477.81
11243,5/27/2025,1014,Clothing,West,3,24.02,0.08,Card,11,2.3,66.3
11244,5/28/2025,1191,Electronics,South,1,77.73,0.22,Wallet,1,3.9,60.63
11245,5/29/2025,1984,Clothing,North,6,69.16,0.16,Wallet,5,3.2,348.57
11246,5/30/2025,1630,Electronics,South,2,431.87,0.19,COD,7,3.2,699.63
11247,5/31/2025,1484,Clothing,North,2,55.71,0.04,Card,1,3.7,106.96
11248,6/1/2025,1027,Clothing,South,6,305.37,0.28,COD,11,2.3,1319.2
11249,6/2/2025,1713,Home,South,1,291.53,0.27,Card,8,2.7,212.82
11250,6/3/2025,1038,Home,South,4,196.76,0.01,Wallet,3,3.3,779.17
11251,6/4/2025,1952,Clothing,North,3,524.19,0.13,COD,7,2.7,1368.14
11252,6/5/2025,1272,Clothing,South,5,114.7,0.02,Wallet,3,2.8,562.03
11253,6/6/2025,1230,Clothing,West,2,221.19,0.28,COD,4,2.1,318.51
11254,6/7/2025,1085,Home,West,6,467.89,0.26,COD,8,2.1,2077.43
11255,6/8/2025,1473,Electronics,West,5,32.8,0.32,COD,2,3.8,111.52
11256,6/9/2025,1125,Electronics,North,7,408.68,0.08,Card,6,1,2631.9
11257,6/10/2025,1811,Electronics,North,1,492.59,0.16,COD,10,1.4,413.78
11258,6/11/2025,1536,Clothing,West,5,560.38,0.06,COD,9,4.8,2633.79
11259,6/12/2025,1144,Clothing,West,5,527.63,0.13,Wallet,10,1.7,2295.19
11260,6/13/2025,1524,Home,West,3,201.84,0.18,COD,9,2.7,496.53
11261,6/14/2025,1211,Electronics,East,1,358.02,0.02,Wallet,5,4.4,350.86
11262,6/15/2025,1024,Clothing,West,5,60.22,0.25,Wallet,3,1,225.82
11263,6/16/2025,1579,Home,South,2,165.85,0.19,COD,6,4.7,268.68
11264,6/17/2025,1393,Home,East,1,70.12,0.29,Card,9,1.2,49.79
11265,6/18/2025,1066,Clothing,East,2,199.38,0.1,COD,6,1.7,358.88
11266,6/19/2025,1232,Clothing,North,6,526.98,0.32,Card,4,1.1,2150.08
11267,6/20/2025,1108,Electronics,South,6,218.09,0.35,Card,11,3.1,850.55
11268,6/21/2025,1145,Beauty,North,7,343.71,0.32,Card,5,4.8,1636.06
11269,6/22/2025,1110,Electronics,North,4,268.53,0.27,Wallet,7,4.4,784.11
11270,6/23/2025,1227,Beauty,South,6,283.47,0.28,Card,10,3.6,1224.59
11271,6/24/2025,1110,Home,North,5,582.2,0.2,COD,3,1.7,2328.8
11272,6/25/2025,1469,Clothing,South,1,188.25,0.07,Wallet,9,4.5,175.07
11273,6/26/2025,1033,Electronics,South,6,381.98,0.24,COD,1,4,1741.83
11274,6/27/2025,1622,Clothing,North,2,260.74,0.25,COD,8,2.1,391.11
11275,6/28/2025,1775,Clothing,West,5,50.77,0.34,COD,5,4.2,167.54
11276,6/29/2025,1935,Electronics,North,6,301.26,0.19,Card,10,4.5,1464.12
11277,6/30/2025,1368,Home,East,3,490.81,0.09,Card,9,3.8,1339.91
11278,7/1/2025,1747,Beauty,North,2,72.77,0.24,Wallet,2,1.4,110.61
11279,7/2/2025,1594,Clothing,South,7,55.71,0.34,Card,1,4.9,257.38
11280,7/3/2025,1553,Home,East,7,104.87,0.06,COD,10,1.3,690.04
11281,7/4/2025,1424,Electronics,South,7,462.17,0.11,COD,7,3.6,2879.32
11282,7/5/2025,1612,Clothing,West,2,438.54,0.19,Card,10,1.4,710.43
11283,7/6/2025,1517,Electronics,West,7,345.54,0.06,Wallet,11,4.6,2273.65
11284,7/7/2025,1691,Clothing,East,4,288.91,0.01,COD,9,2.4,1144.08
11285,7/8/2025,1281,Beauty,West,3,534.67,0.12,Card,5,3,1411.53
11286,7/9/2025,1319,Home,West,4,463.52,0.3,Wallet,11,1.7,1297.86
11287,7/10/2025,1737,Electronics,North,6,489.99,0.02,COD,4,3.2,2881.14
11288,7/11/2025,1442,Clothing,North,3,490.76,0.15,COD,4,4.8,1251.44
11289,7/12/2025,1951,Clothing,West,2,390.99,0.27,COD,8,4.6,570.85
11290,7/13/2025,1314,Clothing,West,4,282.94,0.33,Card,1,1.3,758.28
11291,7/14/2025,1876,Home,North,5,520.84,0.34,COD,1,2.5,1718.77
11292,7/15/2025,1965,Home,West,3,556.71,0.15,Card,8,2.1,1419.61
11293,7/16/2025,1740,Clothing,West,2,28.93,0.33,COD,2,2.9,38.77
11294,7/17/2025,1376,Clothing,South,1,45.16,0.01,COD,10,4.3,44.71
11295,7/18/2025,1288,Electronics,West,3,575.86,0.26,Wallet,6,4,1278.41
11296,7/19/2025,1436,Electronics,East,3,177.14,0.22,COD,2,2.4,414.51
11297,7/20/2025,1661,Clothing,South,6,525.92,0.09,Card,5,2.5,2871.52
11298,7/21/2025,1276,Clothing,East,5,242.45,0.18,Wallet,3,3.6,994.04
11299,7/22/2025,1709,Home,West,6,84.67,0.05,COD,7,1.8,482.62
11300,7/23/2025,1581,Home,North,7,62.06,0.31,COD,9,1.4,299.75
11301,7/24/2025,1502,Electronics,South,3,106.56,0.13,Card,2,2,278.12
11302,7/25/2025,1623,Clothing,North,3,161.19,0.22,Wallet,7,1.5,377.18
11303,7/26/2025,1515,Electronics,South,7,300.78,0.06,Wallet,8,2.4,1979.13
11304,7/27/2025,1349,Electronics,North,5,425.38,0.07,COD,10,4.8,1978.02
11305,7/28/2025,1842,Home,South,5,592.04,0.35,Wallet,8,1.5,1924.13
11306,7/29/2025,1445,Electronics,South,4,273.28,0.26,Card,7,4.3,808.91
11307,7/30/2025,1829,Clothing,East,2,318.14,0.34,Wallet,4,3.1,419.94
11308,7/31/2025,1349,Electronics,North,2,320.26,0.1,COD,4,3.5,576.47
11309,8/1/2025,1606,Beauty,East,4,330.57,0.06,Card,10,1.7,1242.94
11310,8/2/2025,1663,Clothing,East,2,317.88,0.18,COD,9,1.6,521.32
11311,8/3/2025,1822,Electronics,North,3,20.13,0.17,COD,10,1.7,50.12
11312,8/4/2025,1136,Clothing,South,4,16.01,0.06,Card,9,3.7,60.2
11313,8/5/2025,1758,Home,East,4,72.13,0.26,Card,5,4,213.5
11314,8/6/2025,1898,Beauty,North,2,74.41,0.13,Card,7,4.7,129.47
11315,8/7/2025,1242,Electronics,South,1,427.36,0.07,Card,7,2.6,397.44
11316,8/8/2025,1542,Beauty,East,2,134.88,0.12,Card,9,2.8,237.39
11317,8/9/2025,1039,Beauty,East,6,538.41,0.2,Card,7,2.9,2584.37
11318,8/10/2025,1228,Beauty,East,1,558.23,0.25,Card,8,2.1,418.67
11319,8/11/2025,1547,Clothing,South,4,585.9,0.17,Wallet,7,2.3,1945.19
11320,8/12/2025,1919,Clothing,East,1,564.36,0.18,COD,11,4.4,462.78
11321,8/13/2025,1222,Clothing,South,3,174.05,0.05,Card,4,2.4,496.04
11322,8/14/2025,1005,Home,West,5,313.22,0.32,Wallet,2,4.5,1064.95
11323,8/15/2025,1321,Clothing,East,1,117.64,0.33,COD,3,2.2,78.82
11324,8/16/2025,1467,Home,West,6,486.63,0.24,COD,7,2.4,2219.03
11325,8/17/2025,1731,Clothing,North,5,534.73,0.01,COD,11,3.2,2646.91
11326,8/18/2025,1074,Home,East,3,513,0.19,Card,11,1.4,1246.59
11327,8/19/2025,1003,Home,North,6,268.52,0.22,Card,9,4.7,1256.67
11328,8/20/2025,1846,Electronics,North,7,458.82,0.35,Card,11,4.3,2087.63
11329,8/21/2025,1645,Home,North,5,72.08,0.35,COD,2,3.7,234.26
11330,8/22/2025,1117,Clothing,West,7,38.54,0.3,COD,7,5,188.85
11331,8/23/2025,1880,Home,South,3,455.64,0.02,COD,4,1.1,1339.58
11332,8/24/2025,1605,Clothing,West,5,263.83,0.33,Card,7,2.6,883.83
11333,8/25/2025,1503,Clothing,West,5,597.4,0.21,COD,5,4.4,2359.73
11334,8/26/2025,1997,Beauty,North,2,71.89,0.28,COD,7,2.7,103.52
11335,8/27/2025,1946,Electronics,East,6,515.54,0.14,Wallet,6,1,2660.19
11336,8/28/2025,1573,Home,South,6,295.79,0.11,Card,2,1.6,1579.52
11337,8/29/2025,1440,Clothing,North,1,498.88,0.16,Wallet,7,2.7,419.06
11338,8/30/2025,1193,Clothing,South,7,493.02,0.05,Wallet,5,3.7,3278.58
11339,8/31/2025,1846,Electronics,West,7,550.86,0.12,COD,9,1.7,3393.3
11340,9/1/2025,1714,Clothing,South,6,189.24,0.3,COD,11,2.8,794.81
11341,9/2/2025,1391,Electronics,South,6,570.63,0.01,Card,1,1.1,3389.54
11342,9/3/2025,1025,Electronics,East,5,103.73,0.05,Wallet,1,2.9,492.72
11343,9/4/2025,1434,Electronics,North,7,62.95,0.04,Card,2,4.6,423.02
11344,9/5/2025,1172,Electronics,South,4,267.5,0.14,COD,8,3.4,920.2
11345,9/6/2025,1299,Beauty,South,2,499.57,0.35,Card,11,2.8,649.44
11346,9/7/2025,1644,Beauty,West,1,291.95,0.06,Card,9,1.6,274.43
11347,9/8/2025,1325,Clothing,West,2,500.13,0.05,COD,11,1.8,950.25
11348,9/9/2025,1409,Home,South,1,441.87,0.32,Wallet,11,1.3,300.47
11349,9/10/2025,1117,Electronics,North,3,137.52,0.31,COD,7,4,284.67
11350,9/11/2025,1835,Home,South,5,570.1,0.01,Wallet,1,1.3,2822
11351,9/12/2025,1786,Home,South,6,50.56,0.26,COD,7,2.5,224.49
11352,9/13/2025,1723,Beauty,East,6,540.49,0.23,Card,8,4,2497.06
11353,9/14/2025,1224,Clothing,North,4,193.1,0.27,Card,7,3.9,563.85
11354,9/15/2025,1531,Home,East,7,307.59,0.17,COD,5,3.3,1787.1
11355,9/16/2025,1112,Electronics,North,7,262.08,0.35,Card,7,3.3,1192.46
11356,9/17/2025,1139,Beauty,North,2,115.52,0.02,COD,10,1.4,226.42
11357,9/18/2025,1558,Electronics,North,2,224.52,0.08,Card,11,1.7,413.12
11358,9/19/2025,1000,Clothing,East,2,127.87,0.14,Card,2,3.1,219.94
11359,9/20/2025,1089,Home,East,7,134.27,0.16,COD,9,2.4,789.51
11360,9/21/2025,1653,Home,East,6,124.43,0.32,COD,2,1.1,507.67
11361,9/22/2025,1319,Electronics,West,7,301.08,0.2,Card,2,4.2,1686.05
11362,9/23/2025,1549,Beauty,East,2,481.79,0.02,Card,5,3.6,944.31
11363,9/24/2025,1804,Electronics,West,5,347.85,0.14,Card,8,2.3,1495.76
11364,9/25/2025,1893,Clothing,West,1,537.53,0.15,Card,6,1.4,456.9
11365,9/26/2025,1138,Electronics,West,6,387.38,0.34,COD,9,3.4,1534.02
11366,9/27/2025,1510,Electronics,South,5,418.26,0.21,COD,6,2.4,1652.13
11367,9/28/2025,1867,Clothing,South,3,405.55,0.22,Card,5,2,948.99
11368,9/29/2025,1844,Clothing,South,5,277.93,0.25,Card,1,3.9,1042.24
11369,9/30/2025,1258,Electronics,West,5,418.26,0.27,Card,8,2.3,1526.65
11370,10/1/2025,1672,Electronics,West,3,55.78,0.22,Card,3,1.5,130.53
11371,10/2/2025,1901,Clothing,North,5,518.01,0.08,COD,2,2.9,2382.85
11372,10/3/2025,1689,Home,West,1,470.02,0.31,Card,7,4.3,324.31
11373,10/4/2025,1009,Beauty,South,6,158.46,0.26,Card,11,4.4,703.56
11374,10/5/2025,1260,Electronics,West,4,464.3,0.26,COD,2,4.4,1374.33
11375,10/6/2025,1918,Clothing,West,7,22.4,0.35,Card,1,2.7,101.92
11376,10/7/2025,1649,Electronics,North,3,142.09,0.28,COD,11,4.2,306.91
11377,10/8/2025,1171,Electronics,West,6,53.11,0.29,COD,2,4.4,226.25
11378,10/9/2025,1897,Home,East,2,471.43,0.33,Card,6,2.8,631.72
11379,10/10/2025,1012,Clothing,North,1,457.19,0.05,COD,2,2.3,434.33
11380,10/11/2025,1167,Electronics,West,4,490.98,0.17,COD,1,3.8,1630.05
11381,10/12/2025,1641,Electronics,West,1,17.62,0.2,COD,1,4.6,14.1
11382,10/13/2025,1595,Electronics,North,1,308.22,0.12,COD,4,4.9,271.23
11383,10/14/2025,1320,Home,West,2,427.33,0.29,Wallet,8,2.2,606.81
11384,10/15/2025,1318,Beauty,South,4,105.91,0.27,Wallet,6,4.8,309.26
11385,10/16/2025,1612,Electronics,East,7,395.13,0.25,COD,4,3,2074.43
11386,10/17/2025,1328,Electronics,East,1,64.2,0.35,Wallet,6,2.2,41.73
11387,10/18/2025,1784,Beauty,South,2,121.08,0.09,Card,6,5,220.37
11388,10/19/2025,1776,Beauty,West,3,293.34,0.26,COD,9,4.5,651.21
11389,10/20/2025,1970,Clothing,West,2,397.34,0.19,Card,4,3.8,643.69
11390,10/21/2025,1910,Electronics,East,5,100.33,0.11,Card,6,4.6,446.47
11391,10/22/2025,1919,Electronics,West,6,123.36,0.06,COD,10,3.7,695.75
11392,10/23/2025,1549,Clothing,East,2,134.6,0.31,COD,1,2.8,185.75
11393,10/24/2025,1418,Clothing,East,2,154.64,0.21,Card,7,4.8,244.33
11394,10/25/2025,1605,Electronics,South,2,147.53,0.29,COD,7,4.9,209.49
11395,10/26/2025,1094,Clothing,East,7,246.16,0.19,COD,11,2.3,1395.73
11396,10/27/2025,1816,Electronics,West,1,397.47,0.08,Card,1,2.4,365.67
11397,10/28/2025,1580,Home,West,7,271.25,0.12,Card,8,2.5,1670.9
11398,10/29/2025,1317,Electronics,North,4,468.94,0.13,Card,5,4.3,1631.91
11399,10/30/2025,1955,Electronics,West,2,435.77,0.34,Card,9,4.2,575.22
11400,10/31/2025,1235,Clothing,North,2,89.02,0,COD,8,4.9,178.04
11401,11/1/2025,1945,Clothing,East,5,43.57,0.34,Card,3,2.9,143.78
11402,11/2/2025,1333,Beauty,West,5,528.6,0.34,Card,1,3.9,1744.38
11403,11/3/2025,1884,Clothing,South,3,61.7,0.35,COD,3,4.4,120.32
11404,11/4/2025,1375,Electronics,South,3,101.78,0.17,COD,2,1.9,253.43
11405,11/5/2025,1458,Home,South,5,27.95,0.34,Card,2,3.5,92.23
11406,11/6/2025,1136,Electronics,East,4,382.58,0.14,Card,11,3.2,1316.08
11407,11/7/2025,1929,Beauty,East,3,355.69,0.01,Card,4,4,1056.4
11408,11/8/2025,1587,Clothing,North,6,592.34,0.08,COD,2,3.8,3269.72
11409,11/9/2025,1994,Clothing,South,6,533.86,0.33,Wallet,8,4.3,2146.12
11410,11/10/2025,1546,Electronics,North,4,255.34,0,COD,5,2.2,1021.36
11411,11/11/2025,1512,Clothing,North,5,232.38,0.19,Card,1,1.9,941.14
11412,11/12/2025,1295,Home,West,3,188.66,0.03,COD,6,4.2,549
11413,11/13/2025,1319,Home,West,2,104.16,0.1,Card,7,2.4,187.49
11414,11/14/2025,1917,Electronics,South,5,95.78,0.03,Card,1,2.2,464.53
11415,11/15/2025,1571,Electronics,East,3,92.39,0.3,Card,3,2.3,194.02
11416,11/16/2025,1831,Home,West,4,81.76,0.21,COD,9,1.3,258.36
11417,11/17/2025,1348,Beauty,East,6,155.7,0.32,COD,7,4.1,635.26
11418,11/18/2025,1839,Electronics,North,4,194.4,0.24,COD,4,3.9,590.98
11419,11/19/2025,1778,Clothing,North,3,577.52,0.34,COD,6,3.2,1143.49
11420,11/20/2025,1872,Electronics,North,4,353.41,0.18,Card,6,3.9,1159.18
11421,11/21/2025,1228,Beauty,North,3,592.74,0.22,Card,3,2.5,1387.01
11422,11/22/2025,1269,Electronics,South,3,232.89,0.2,COD,2,2.2,558.94
11423,11/23/2025,1827,Electronics,North,4,282.71,0.17,COD,5,4.4,938.6
11424,11/24/2025,1797,Home,West,1,204.88,0.3,COD,8,2.7,143.42
11425,11/25/2025,1290,Electronics,North,2,121.99,0.23,Card,3,1.8,187.86
11426,11/26/2025,1724,Clothing,East,5,98.75,0.28,COD,5,4,355.5
11427,11/27/2025,1164,Clothing,West,6,567.87,0.28,Card,3,2.3,2453.2
11428,11/28/2025,1004,Electronics,East,2,592.28,0.07,COD,7,1.8,1101.64
11429,11/29/2025,1850,Clothing,East,5,41.27,0.23,COD,6,1.1,158.89
11430,11/30/2025,1378,Clothing,South,5,102.95,0.07,Wallet,6,4.9,478.72
11431,12/1/2025,1077,Electronics,South,6,262.76,0.2,Card,1,2.9,1261.25
11432,12/2/2025,1409,Clothing,East,2,124.01,0.24,COD,2,1.6,188.5
11433,12/3/2025,1573,Home,East,6,227.87,0.35,COD,6,4,888.69
11434,12/4/2025,1131,Home,North,3,90.52,0.01,Card,8,4.6,268.84
11435,12/5/2025,1600,Electronics,West,6,282.06,0.03,Card,5,3.1,1641.59
11436,12/6/2025,1748,Electronics,North,4,173.94,0.03,COD,2,1.1,674.89
11437,12/7/2025,1041,Electronics,South,1,220.86,0.14,Card,5,2.5,189.94
11438,12/8/2025,1088,Clothing,South,1,70.17,0.29,Card,9,2,49.82
11439,12/9/2025,1401,Clothing,North,1,265.45,0.3,Wallet,6,3.5,185.81
11440,12/10/2025,1295,Home,West,2,590.21,0.26,COD,5,3.1,873.51
11441,12/11/2025,1839,Electronics,East,2,207.37,0.31,Card,10,2.4,286.17
11442,12/12/2025,1294,Electronics,North,3,527.71,0.11,COD,6,3.6,1408.99
11443,12/13/2025,1615,Clothing,South,7,508.27,0.03,COD,11,3.3,3451.15
11444,12/14/2025,1525,Home,West,1,571.95,0.02,Wallet,9,4.6,560.51
11445,12/15/2025,1799,Electronics,South,3,477.21,0.3,COD,7,3.4,1002.14
11446,12/16/2025,1690,Clothing,West,7,400.86,0.26,Wallet,10,3,2076.45
11447,12/17/2025,1636,Electronics,West,1,516.1,0.24,Card,3,4.3,392.24
11448,12/18/2025,1421,Beauty,West,2,59.25,0.12,COD,10,1.8,104.28
11449,12/19/2025,1864,Beauty,North,7,285.76,0.13,Card,10,2,1740.28
11450,12/20/2025,1022,Electronics,North,4,593.71,0.34,Card,5,4.1,1567.39
11451,12/21/2025,1574,Electronics,North,4,465.22,0.02,COD,4,2.8,1823.66
11452,12/22/2025,1142,Clothing,West,4,577.81,0.27,Card,11,2.6,1687.21
11453,12/23/2025,1992,Electronics,West,6,471.09,0.11,COD,5,4.5,2515.62
11454,12/24/2025,1664,Home,South,4,526.81,0.01,Wallet,8,3.4,2086.17
11455,12/25/2025,1144,Home,East,5,428.32,0.26,Card,11,4.2,1584.78
11456,12/26/2025,1224,Home,North,1,459.89,0.12,Card,6,4.2,404.7
11457,12/27/2025,1502,Home,West,4,321.06,0.25,COD,4,1.5,963.18
11458,12/28/2025,1961,Clothing,South,7,555.68,0.25,Wallet,5,3.6,2917.32
11459,12/29/2025,1973,Electronics,South,5,497.65,0.19,COD,11,4.8,2015.48
11460,12/30/2025,1820,Home,South,5,508.67,0.27,COD,7,2.9,1856.65
11461,12/31/2025,1615,Clothing,North,5,408.71,0.2,Card,8,3.9,1634.84
11462,1/1/2026,1103,Home,North,3,193.18,0.1,Card,5,3.3,521.59
11463,1/2/2026,1946,Electronics,East,7,35.84,0.26,COD,2,1.8,185.65
11464,1/3/2026,1038,Electronics,South,3,562.36,0.21,Card,6,1.8,1332.79
11465,1/4/2026,1946,Beauty,North,5,357.88,0,Wallet,9,2.7,1789.4
11466,1/5/2026,1197,Electronics,South,6,189.41,0.32,COD,3,2.9,772.79
11467,1/6/2026,1645,Beauty,West,4,102.24,0.19,COD,7,3,331.26
11468,1/7/2026,1578,Beauty,South,1,500.27,0.3,COD,8,4.8,350.19
11469,1/8/2026,1390,Home,East,7,504.36,0.31,COD,6,1.4,2436.06
11470,1/9/2026,1178,Home,North,6,491.49,0.16,COD,3,2.5,2477.11
11471,1/10/2026,1967,Clothing,West,2,392.37,0.18,Wallet,1,3.1,643.49
11472,1/11/2026,1553,Beauty,North,3,229.12,0.15,Wallet,3,4.9,584.26
11473,1/12/2026,1447,Electronics,West,4,192.88,0.16,Wallet,11,3,648.08
11474,1/13/2026,1499,Clothing,South,4,20,0.31,Wallet,6,4.1,55.2
11475,1/14/2026,1014,Clothing,South,2,502.66,0.28,COD,11,4,723.83
11476,1/15/2026,1622,Clothing,East,2,66.15,0.04,COD,4,3.3,127.01
11477,1/16/2026,1668,Clothing,East,7,383.99,0.21,Card,1,1.5,2123.46
11478,1/17/2026,1288,Electronics,West,4,309.88,0.35,Card,6,1.9,805.69
11479,1/18/2026,1477,Clothing,East,2,323.11,0.21,Card,1,2,510.51
11480,1/19/2026,1230,Beauty,East,4,557.13,0.28,Card,8,1.2,1604.53
11481,1/20/2026,1922,Electronics,East,6,33.49,0.27,Card,3,2.5,146.69
11482,1/21/2026,1419,Beauty,East,7,467.43,0.12,Card,3,3.4,2879.37
11483,1/22/2026,1156,Home,South,2,45.45,0.13,Wallet,1,1.6,79.08
11484,1/23/2026,1549,Home,East,6,37.32,0.25,Wallet,3,1.7,167.94
11485,1/24/2026,1440,Clothing,South,6,266.44,0.17,Card,7,3.8,1326.87
11486,1/25/2026,1096,Home,South,2,51.9,0.2,Card,10,1.7,83.04
11487,1/26/2026,1996,Electronics,North,7,476.65,0.25,Wallet,8,1.5,2502.41
11488,1/27/2026,1410,Home,South,4,324.79,0.27,Wallet,11,4.9,948.39
11489,1/28/2026,1950,Electronics,South,5,31.99,0.1,Wallet,8,1.1,143.95
11490,1/29/2026,1288,Beauty,East,4,38.69,0.05,Wallet,3,2.3,147.02
11491,1/30/2026,1253,Beauty,South,1,373.41,0.1,Wallet,5,1.1,336.07
11492,1/31/2026,1195,Electronics,West,2,486.58,0.18,Card,1,4.4,797.99
11493,2/1/2026,1597,Electronics,East,3,271.11,0.12,Card,9,3.3,715.73
11494,2/2/2026,1833,Home,East,7,339.43,0.2,COD,8,1.2,1900.81
11495,2/3/2026,1521,Electronics,East,2,482.9,0.02,Card,10,3.5,946.48
11496,2/4/2026,1516,Beauty,North,1,372.15,0.18,Wallet,2,1.5,305.16
11497,2/5/2026,1634,Electronics,East,6,146.48,0.13,COD,10,3,764.63
11498,2/6/2026,1841,Electronics,South,3,373.64,0.19,COD,1,3.7,907.95
11499,2/7/2026,1864,Beauty,West,3,382.54,0.15,Card,4,1.6,975.48
11500,2/8/2026,1117,Home,East,4,444.45,0.1,COD,9,3,1600.02
11501,2/9/2026,1805,Home,East,5,378.21,0.32,COD,8,2.8,1285.91
11502,2/10/2026,1908,Electronics,West,4,582.01,0.06,Wallet,3,4.7,2188.36
11503,2/11/2026,1158,Home,East,7,130.41,0.24,Card,10,5,693.78
11504,2/12/2026,1814,Clothing,North,3,571.39,0.32,Wallet,6,3.6,1165.64
11505,2/13/2026,1227,Clothing,South,3,329.93,0.19,Wallet,9,4.4,801.73
11506,2/14/2026,1876,Home,West,5,408.09,0.31,COD,10,3.6,1407.91
11507,2/15/2026,1215,Clothing,West,7,73.19,0.04,COD,8,4.5,491.84
11508,2/16/2026,1947,Clothing,North,2,237.64,0.17,COD,10,2.7,394.48
11509,2/17/2026,1695,Electronics,South,5,465.09,0.16,Card,5,3.4,1953.38
11510,2/18/2026,1014,Home,North,6,428.54,0,Card,9,4.4,2571.24
11511,2/19/2026,1156,Electronics,South,4,38.48,0.16,Wallet,9,4.7,129.29
11512,2/20/2026,1647,Home,North,2,334.76,0.13,COD,3,1.1,582.48
11513,2/21/2026,1260,Electronics,East,4,66.64,0.23,Card,8,1.4,205.25
11514,2/22/2026,1156,Clothing,North,5,597.58,0.33,COD,4,4.7,2001.89
11515,2/23/2026,1046,Home,West,2,539.92,0.03,Card,10,3.3,1047.44
11516,2/24/2026,1323,Electronics,West,5,27.33,0.11,Card,7,5,121.62
11517,2/25/2026,1843,Electronics,West,6,517.31,0.16,COD,10,4.2,2607.24
11518,2/26/2026,1684,Electronics,North,1,552.87,0.16,Card,8,4.3,464.41
11519,2/27/2026,1129,Clothing,West,3,221.83,0.27,Card,7,2.5,485.81
11520,2/28/2026,1410,Home,West,7,435.91,0.16,COD,5,2,2563.15
11521,3/1/2026,1094,Electronics,East,2,273.63,0.01,COD,11,3.4,541.79
11522,3/2/2026,1626,Home,East,3,398.31,0.25,Card,1,4.5,896.2
11523,3/3/2026,1754,Electronics,South,1,214.09,0.31,Card,8,3.9,147.72
11524,3/4/2026,1931,Clothing,South,2,203.7,0.18,Card,5,2.9,334.07
11525,3/5/2026,1291,Beauty,South,3,263.29,0.2,Card,3,4,631.9
11526,3/6/2026,1793,Electronics,North,3,100.16,0.06,Card,2,3.8,282.45
11527,3/7/2026,1810,Clothing,South,2,501.22,0.08,Card,3,4.7,922.24
11528,3/8/2026,1282,Electronics,North,3,218.99,0.08,Card,9,2.1,604.41
11529,3/9/2026,1068,Electronics,North,3,249.09,0.15,Wallet,2,1.5,635.18
11530,3/10/2026,1659,Electronics,South,2,538.02,0.32,Card,10,2.9,731.71
11531,3/11/2026,1010,Electronics,South,7,305.52,0.18,Card,1,2.4,1753.68
11532,3/12/2026,1253,Clothing,North,3,333.39,0.07,Card,2,4.9,930.16
11533,3/13/2026,1841,Clothing,East,3,574.55,0.09,Card,2,1,1568.52
11534,3/14/2026,1871,Clothing,West,7,533.73,0.13,COD,11,4.7,3250.42
11535,3/15/2026,1549,Electronics,West,4,114.14,0.22,Card,5,4.8,356.12
11536,3/16/2026,1133,Electronics,West,6,291.83,0.15,Card,1,1.2,1488.33
11537,3/17/2026,1711,Home,East,4,583.21,0.14,Card,10,4.6,2006.24
11538,3/18/2026,1022,Beauty,North,1,232.83,0.2,COD,8,2.9,186.26
11539,3/19/2026,1814,Electronics,South,4,232.37,0.08,Card,2,4.1,855.12
11540,3/20/2026,1345,Beauty,North,4,129.09,0.03,COD,6,1.3,500.87
11541,3/21/2026,1301,Clothing,North,1,81.88,0.01,Card,5,4.8,81.06
11542,3/22/2026,1362,Clothing,South,3,448.08,0.09,Card,2,3.4,1223.26
11543,3/23/2026,1395,Clothing,East,3,465.47,0.03,COD,10,4.6,1354.52
11544,3/24/2026,1217,Electronics,West,4,581.87,0.12,COD,1,3.7,2048.18
11545,3/25/2026,1140,Electronics,West,1,467.45,0.27,COD,6,3.1,341.24
11546,3/26/2026,1615,Clothing,North,3,157.36,0.25,Card,6,1.7,354.06
11547,3/27/2026,1957,Electronics,East,5,38.47,0.21,COD,3,1.7,151.96
11548,3/28/2026,1209,Beauty,West,2,591.48,0.3,Card,8,2.9,828.07
11549,3/29/2026,1984,Clothing,East,2,214.16,0.1,COD,9,4.5,385.49
11550,3/30/2026,1992,Electronics,South,6,197.5,0.31,COD,3,1.5,817.65
11551,3/31/2026,1622,Home,North,2,544.98,0.14,Card,9,5,937.37
11552,4/1/2026,1615,Electronics,North,4,357.28,0.14,COD,8,4.5,1229.04
11553,4/2/2026,1827,Clothing,East,2,140.7,0.14,COD,5,2.6,242
11554,4/3/2026,1682,Home,West,2,535.12,0.03,Card,6,2,1038.13
11555,4/4/2026,1459,Beauty,East,5,596.12,0.34,Wallet,1,4.7,1967.2
11556,4/5/2026,1355,Home,South,3,65.71,0.05,Wallet,5,1.5,187.27
11557,4/6/2026,1323,Home,West,5,519.42,0.12,Card,10,2.4,2285.45
11558,4/7/2026,1132,Home,West,4,243.45,0.11,Wallet,10,1.3,866.68
11559,4/8/2026,1887,Beauty,East,2,321.58,0.03,Card,7,4.8,623.87
11560,4/9/2026,1804,Electronics,South,7,550.17,0.05,COD,1,3.5,3658.63
11561,4/10/2026,1839,Electronics,West,3,584.43,0.02,Wallet,10,2.3,1718.22
11562,4/11/2026,1126,Electronics,North,6,168.37,0.1,COD,9,2.1,909.2
11563,4/12/2026,1105,Electronics,South,6,139.52,0.3,Card,7,2.8,585.98
11564,4/13/2026,1603,Home,West,2,62.1,0.12,Wallet,4,1.4,109.3
11565,4/14/2026,1798,Clothing,East,2,343.65,0.04,Card,11,4.6,659.81
11566,4/15/2026,1377,Clothing,West,6,22.96,0.23,Card,4,3,106.08
11567,4/16/2026,1904,Electronics,North,6,255.96,0.35,Card,11,3.9,998.24
11568,4/17/2026,1050,Home,South,7,57.93,0.08,Wallet,10,1.9,373.07
11569,4/18/2026,1028,Electronics,West,4,252.06,0.1,Wallet,7,3,907.42
11570,4/19/2026,1461,Home,North,2,38.36,0.34,Card,6,1.8,50.64
11571,4/20/2026,1295,Clothing,West,6,503.6,0.06,Wallet,3,4.3,2840.3
11572,4/21/2026,1296,Electronics,West,7,137.7,0.18,Card,9,4.1,790.4
11573,4/22/2026,1725,Electronics,South,1,207.06,0.08,Wallet,6,1.6,190.5
11574,4/23/2026,1778,Electronics,East,6,523.98,0.33,COD,11,1.3,2106.4
11575,4/24/2026,1406,Home,East,3,451.57,0.34,Card,2,4.3,894.11
11576,4/25/2026,1768,Beauty,North,3,143.14,0.29,Card,10,1.4,304.89
11577,4/26/2026,1813,Clothing,North,1,57.06,0.11,Card,2,3.2,50.78
11578,4/27/2026,1612,Electronics,North,4,433.67,0.14,Card,1,3.1,1491.82
11579,4/28/2026,1404,Clothing,South,2,243.56,0.08,COD,11,1.8,448.15
11580,4/29/2026,1345,Home,East,2,463.16,0.31,Card,5,3.4,639.16
11581,4/30/2026,1621,Home,North,6,275.5,0.32,Wallet,10,3,1124.04
11582,5/1/2026,1419,Electronics,North,3,217.41,0.15,COD,6,3,554.4
11583,5/2/2026,1181,Electronics,West,4,278.96,0.23,COD,3,2.4,859.2
11584,5/3/2026,1982,Home,West,4,452.91,0.06,Card,4,4.4,1702.94
11585,5/4/2026,1824,Clothing,North,4,542.8,0.15,Wallet,5,1.3,1845.52
11586,5/5/2026,1000,Electronics,West,6,44.11,0.22,COD,4,2.8,206.43
11587,5/6/2026,1830,Electronics,West,2,321.61,0.13,Wallet,9,2,559.6
11588,5/7/2026,1949,Clothing,West,4,34.21,0.13,Wallet,3,4.4,119.05
11589,5/8/2026,1566,Beauty,South,6,289.02,0,Card,5,1.9,1734.12
11590,5/9/2026,1370,Beauty,North,6,532.89,0.28,Card,7,4.1,2302.08
11591,5/10/2026,1935,Clothing,North,1,226.53,0.31,Wallet,7,3.4,156.31
11592,5/11/2026,1910,Clothing,West,5,560.48,0.34,Wallet,6,4.5,1849.58
11593,5/12/2026,1660,Electronics,South,4,383.91,0.25,COD,9,3.4,1151.73
11594,5/13/2026,1430,Clothing,West,5,561.48,0.19,Card,7,3.2,2273.99
11595,5/14/2026,1968,Clothing,South,2,457.94,0.09,COD,11,4.2,833.45
11596,5/15/2026,1308,Clothing,North,6,75.51,0.35,Card,4,3.2,294.49
11597,5/16/2026,1136,Clothing,West,7,150.22,0.21,Card,11,4.4,830.72
11598,5/17/2026,1201,Electronics,North,4,245.59,0.24,COD,10,1.2,746.59
11599,5/18/2026,1435,Electronics,South,7,114.51,0.24,Card,9,3,609.19
11600,5/19/2026,1312,Electronics,East,3,304.52,0.3,COD,6,4.3,639.49
11601,5/20/2026,1116,Electronics,South,2,290.75,0,Wallet,1,4.4,581.5
11602,5/21/2026,1665,Electronics,East,1,574.41,0.08,Wallet,9,4.3,528.46
11603,5/22/2026,1936,Beauty,North,1,268.73,0.23,Wallet,11,3.4,206.92
11604,5/23/2026,1802,Clothing,North,5,474.59,0.31,Wallet,7,5,1637.34
11605,5/24/2026,1574,Clothing,West,6,566.02,0.24,Card,6,1.7,2581.05
11606,5/25/2026,1243,Beauty,East,5,528.04,0.14,Wallet,6,1.7,2270.57
11607,5/26/2026,1536,Beauty,South,3,137.07,0.13,Wallet,4,1.1,357.75
11608,5/27/2026,1601,Clothing,North,3,305.18,0.26,Wallet,4,5,677.5
11609,5/28/2026,1074,Home,East,1,218.43,0.26,COD,11,2.4,161.64
11610,5/29/2026,1805,Electronics,South,7,248.92,0.21,Card,3,4,1376.53
11611,5/30/2026,1385,Electronics,East,4,226.07,0.1,Card,8,1.2,813.85
11612,5/31/2026,1902,Clothing,South,1,498.42,0.32,Card,8,2.2,338.93
11613,6/1/2026,1209,Home,South,1,279.5,0.19,Wallet,2,3.5,226.4
11614,6/2/2026,1474,Home,South,7,321.36,0.28,COD,5,3.1,1619.65
11615,6/3/2026,1417,Electronics,South,7,589.73,0.08,Wallet,9,1.8,3797.86
11616,6/4/2026,1346,Electronics,East,3,50.09,0.12,COD,9,2.8,132.24
11617,6/5/2026,1528,Clothing,East,7,300.46,0.31,COD,7,1.4,1451.22
11618,6/6/2026,1639,Electronics,West,5,467.83,0.02,Card,4,3.2,2292.37
11619,6/7/2026,1938,Clothing,East,3,103.43,0.18,Card,4,1.4,254.44
11620,6/8/2026,1954,Home,East,7,372.75,0.17,Card,10,3.5,2165.68
11621,6/9/2026,1875,Home,West,6,155.09,0.26,COD,11,1.6,688.6
11622,6/10/2026,1762,Home,East,3,522.43,0.1,Card,7,3.2,1410.56
11623,6/11/2026,1178,Beauty,South,3,206.35,0.08,COD,3,1.5,569.53
11624,6/12/2026,1181,Clothing,North,1,207.5,0.32,Card,3,2.6,141.1
11625,6/13/2026,1663,Home,North,4,364.94,0.2,Wallet,5,2.4,1167.81
11626,6/14/2026,1024,Clothing,West,1,122.38,0.04,Card,11,4,117.48
11627,6/15/2026,1966,Electronics,East,2,181.66,0.07,COD,6,3.6,337.89
11628,6/16/2026,1179,Electronics,East,3,258.73,0.35,Card,8,4.7,504.52
11629,6/17/2026,1709,Electronics,West,7,221.88,0.07,COD,1,4.7,1444.44
11630,6/18/2026,1500,Clothing,North,7,322.05,0.21,Card,7,3.9,1780.94
11631,6/19/2026,1855,Clothing,South,7,365.79,0.15,COD,8,4.1,2176.45
11632,6/20/2026,1160,Home,East,3,346.5,0.31,Wallet,5,3.5,717.26
11633,6/21/2026,1176,Electronics,West,7,397.69,0.26,Card,10,3.8,2060.03
11634,6/22/2026,1284,Electronics,South,2,195.03,0.21,Card,2,3.5,308.15
11635,6/23/2026,1062,Beauty,West,3,88.96,0,COD,4,2.2,266.88
11636,6/24/2026,1661,Electronics,West,7,460.07,0.31,COD,6,2.4,2222.14
11637,6/25/2026,1665,Clothing,West,3,512.71,0.16,Card,9,3.3,1292.03
11638,6/26/2026,1155,Clothing,North,6,165.35,0.33,COD,2,3.9,664.71
11639,6/27/2026,1881,Clothing,North,3,253.15,0.17,Card,4,2.6,630.34
11640,6/28/2026,1468,Electronics,West,2,306.66,0.24,Card,10,1.6,466.12
11641,6/29/2026,1048,Electronics,East,1,327,0.02,Card,5,2.8,320.46
11642,6/30/2026,1966,Electronics,South,3,400.8,0.26,Wallet,8,4.9,889.78
